left_dist,right_dist,left_slope,right_slope,label
-133.3877197265624,-121.97008666992178,-0.013465351623320234,0.2078342766948085,attentive_no_understanding
-92.1999389648438,-92.31135864257817,-0.01989687940338721,0.09874531874900123,attentive_no_understanding
-126.69865112304683,-143.19559020996098,-0.2556686420848727,-0.04720562880109727,attentive_no_understanding
-181.28127441406252,-167.19888305664062,0.03501422849275449,0.1529511143097732,attentive_no_understanding
-120.06191711425777,-101.69965820312495,0.04414125957428705,0.3022609879964786,attentive_no_understanding
-252.8675292968751,-258.0472076416015,-0.12129496125889377,0.11094162370785085,attentive_no_understanding
-117.50773925781255,-130.6135498046874,-0.22786194386683634,0.0037046850686115406,attentive_no_understanding
-96.57006225585928,-94.71892089843755,-0.07596691080222646,0.048154984637163785,attentive_no_understanding
-3.6979774475097713,-3.746413167317698,-0.07050416236660317,0.026187522725962382,attentive_no_understanding
-80.40283813476572,-80.736083984375,-0.06873731487071778,0.12218895175803428,attentive_no_understanding
-3.5388099670410185,-3.5715034484863253,-0.07087655526276974,0.014339542186287201,attentive_no_understanding
-117.16326293945303,-111.95956420898438,-0.1021411662830434,0.14983692049364325,attentive_no_understanding
-128.16390380859366,-135.89149780273442,-0.18171387855274432,0.06797627930457034,attentive_no_understanding
-147.5109741210938,-142.46003417968745,-0.10291690503472203,0.18302595706893102,attentive_no_understanding
-135.75847778320315,-130.69211730957034,-0.06146578453966643,0.19786355796583222,attentive_no_understanding
-126.68285827636714,-126.52320251464835,-0.15091893541854615,0.16560296438097583,attentive_no_understanding
-114.45133666992183,-128.83968505859366,-0.2315076617418139,-0.00278085747205546,attentive_no_understanding
-136.68231811523435,-131.94317016601565,-0.06762677591074048,0.19555054607870043,attentive_no_understanding
-9.447345352172853,-10.080114110310873,-0.1888608676658939,-0.007685677105863815,attentive_no_understanding
-282.6356018066406,-294.75524597167964,-0.0798855281109612,0.06826559672469645,attentive_no_understanding
-130.3657104492188,-134.73544616699223,-0.16836861650861357,0.08463694188644079,attentive_no_understanding
-106.72781982421884,-94.90933837890634,0.08892988476308804,0.1468472260749169,attentive_no_understanding
-127.11570434570308,-126.86469116210947,-0.15095101296187072,0.16868881363510285,attentive_no_understanding
-96.6254760742188,-94.29152221679692,-0.0882559355110477,0.08281339937735524,attentive_no_understanding
-124.34401245117192,-135.30089721679678,-0.14478782613791896,0.0640855264211243,attentive_no_understanding
-5.131083424886064,-4.728687286376953,-0.03151409884063886,0.22916775908517723,attentive_no_understanding
-145.68953857421866,-127.83377685546884,0.06396165966064879,0.3231289411281359,attentive_no_understanding
-119.81608276367183,-117.12580871582031,-0.11525195397963003,0.1412869928711546,attentive_no_understanding
-4.161670430501303,-4.220794423421225,-0.0645256746464277,0.12318267249532615,attentive_no_understanding
-4.6894236246744825,-4.354860432942701,-0.015058034378588886,0.1735567773466994,attentive_no_understanding
-4.792801793416345,-4.916799290974936,-0.14132977059103982,0.07353962109781192,attentive_no_understanding
-116.24650268554683,-108.67710266113272,-0.07535603387219582,0.16735844765547347,attentive_no_understanding
-140.7403686523437,-129.38135375976572,-0.013509194579041582,0.23691502671961412,attentive_no_understanding
-91.59689331054688,-89.57184448242197,-0.05094493958706313,0.1338767663095854,attentive_no_understanding
-4.973413721720377,-5.021749496459961,-0.16240549072014235,0.15941886362365693,attentive_no_understanding
-141.6900756835937,-126.38060913085928,0.0626976482568342,0.2596135701702999,attentive_no_understanding
-288.72823181152353,-296.87103881835947,-0.0593225343524041,0.08161496720580837,attentive_no_understanding
-12.386353047688807,-12.201380666097009,-0.10525133498132526,0.017318630439345045,attentive_no_understanding
-130.92998046875005,-132.70734252929685,-0.14105235834786667,0.120145600283968,attentive_no_understanding
-116.28429565429678,-119.26303710937509,-0.16181137155876765,0.08933673281468471,attentive_no_understanding
-182.89483032226553,-173.61934204101567,-0.009072126467174237,0.10478141468212081,attentive_no_understanding
-134.84800415039058,-129.44253234863277,-0.07093941146304251,0.18654710572890615,attentive_no_understanding
-138.1950576782226,-135.56225738525393,-0.2116197847870007,0.24193711231167683,attentive_no_understanding
-80.64270629882822,-82.77219848632808,-0.10563117047630335,-0.0033199788792804994,attentive_no_understanding
-5.582340621948241,-5.53214975992838,-0.1118175805466924,0.14533623683408955,attentive_no_understanding
-301.8729003906251,-292.28007812500005,-0.058449494673393367,0.06310967761311331,attentive_no_understanding
-136.1534667968749,-136.6087402343751,-0.07632873258827833,0.1376165133681435,attentive_no_understanding
-135.03876953124995,-122.41762695312491,0.0027994046407070596,0.2420237070464462,attentive_no_understanding
-127.1925048828125,-139.67377319335947,-0.21412696848899784,0.01262311147147057,attentive_no_understanding
-136.91552429199214,-132.08739929199214,-0.06703200524863041,0.19560331999212024,attentive_no_understanding
-4.9261390686035185,-4.247874450683597,0.08407301018902327,0.23732846277003267,attentive_no_understanding
-5.423799387613933,-5.60164082845052,-0.2214567451221728,0.052054963342318954,attentive_no_understanding
-132.1816864013672,-128.82492065429688,-0.09635132988403133,0.1670826028334533,attentive_no_understanding
-126.86655273437509,-143.24434204101567,-0.2567913706364723,-0.04329106795949664,attentive_no_understanding
-131.9895263671874,-139.27650756835942,-0.1570654115271901,0.07440558381606148,attentive_no_understanding
-3.7133898417154967,-3.830451456705731,-0.07654485383083931,0.01825032717085734,attentive_no_understanding
-131.05170288085947,-142.18013305664067,-0.2227142872290358,0.025389552568415498,attentive_no_understanding
-181.75507812499995,-175.88808898925777,-0.051394764247212496,0.12185946298756745,attentive_no_understanding
-151.89746704101572,-140.43102416992178,-0.041745202865979325,0.24122454439713892,attentive_no_understanding
-4.687706247965494,-4.429703776041663,-0.07016805028382574,0.14329776015826484,attentive_no_understanding
-167.56360778808585,-181.5690979003906,-0.12447881910115828,-0.032186068226649135,attentive_no_understanding
-7.06504987080892,-7.527475229899089,-0.09565356890595095,-0.00018012027621764674,attentive_no_understanding
-132.7636474609376,-136.81952514648447,-0.13791887690064378,0.07951293789922702,attentive_no_understanding
-179.09555358886723,-181.49230651855464,-0.1143933039774671,0.04549558401460565,attentive_no_understanding
-9.54150021870931,-9.402772776285808,-0.021905320216000883,0.10722677781831076,attentive_no_understanding
-132.81072998046875,-136.45614929199223,-0.173765879100376,0.08958261880186397,attentive_no_understanding
-141.92106323242183,-150.81603393554678,-0.13966387771253283,0.04243447165704904,attentive_no_understanding
-233.57633361816397,-252.41465759277344,-0.20038706914169557,-0.05175931901490181,attentive_no_understanding
-92.02424316406245,-90.1038940429687,-0.04153319132973837,0.1438939399250862,attentive_no_understanding
-4.627327982584639,-4.102820587158206,0.053280066234199674,0.1998208658823151,attentive_no_understanding
-128.0400268554688,-144.7461181640624,-0.25618042617968884,-0.044781426097982246,attentive_no_understanding
-172.22596130371085,-182.85943603515625,-0.10118633327089543,0.0038125064185465037,attentive_no_understanding
-130.93519897460942,-135.50671081542964,-0.17272819789625418,0.0871111469748752,attentive_no_understanding
-84.70306091308589,-100.95225219726558,-0.1669650233790293,-0.1644499013860637,attentive_no_understanding
-135.47494201660152,-132.62198791503909,-0.09675310595281747,0.18080350371973444,attentive_no_understanding
-3.79263343811035,-4.313240432739256,-0.09538057436697102,-0.11026712799724302,attentive_no_understanding
-4.700175603230797,-4.3902037302652985,-0.14991361114150842,0.2696548173193424,attentive_no_understanding
-4.511450449625656,-4.122781626383471,0.018276286619386888,0.1874262209703554,attentive_no_understanding
-141.5687133789063,-142.42962036132803,-0.1794616726439937,0.10540192322782603,attentive_no_understanding
-83.34688110351567,-102.34241027832036,-0.30123592602220295,-0.1205403797513579,attentive_no_understanding
-4.880497741699216,-5.0019475301106695,-0.0591447438799571,-0.0008581473179417393,attentive_no_understanding
-5.535804367065431,-5.453175862630211,-0.12844322446603337,0.18680006539239338,attentive_no_understanding
-287.92535400390625,-290.69637451171866,-0.020146739355770757,0.12430727321110373,attentive_no_understanding
-127.25558776855473,-126.96235351562495,-0.15096406717373534,0.1701387930861932,attentive_no_understanding
-5.8338727315266965,-5.676959228515624,-0.165190862971178,0.2723141048234017,attentive_no_understanding
-141.0674804687501,-140.88067626953125,-0.1575834455330765,0.09262676531565736,attentive_no_understanding
-3.5850446065266937,-4.192758941650389,-0.1343661923270722,-0.15677401550946388,attentive_no_understanding
-80.87736206054683,-83.26751098632803,-0.11170435940514886,0.002306019832263903,attentive_no_understanding
-145.56078491210928,-147.15038452148428,-0.17571622638214587,0.11113635031336559,attentive_no_understanding
-4.3051536560058565,-4.550750986735025,-0.28524947776457593,0.13349044486186545,attentive_no_understanding
-5.420872243245441,-5.553684743245441,-0.14982633799795603,0.08877502793589702,attentive_no_understanding
-3.9787864685058594,-3.856795501708987,0.011139306411486189,0.1169657337259445,attentive_no_understanding
-126.26642150878911,-123.11148681640623,-0.17695643445519063,0.24204017801762123,attentive_no_understanding
-181.40104064941409,-173.87145690917964,-0.029752067841960408,0.16100904157322846,attentive_no_understanding
-7.478706359863281,-7.330088806152347,-0.05856565298774044,0.11345856422526332,attentive_no_understanding
-123.20370788574223,-126.15192871093745,-0.13919046332546586,0.01633313785511108,attentive_no_understanding
-77.23861083984366,-77.24673461914062,-0.10096728925704473,0.05599681737455199,attentive_no_understanding
-288.73934020996103,-295.97525634765634,-0.052991934649039646,0.10222546754705873,attentive_no_understanding
-4.998485438028972,-4.45250027974447,-0.025030585077276107,0.20704201897053487,attentive_no_understanding
-88.1328125,-93.10128173828116,-0.1071423978111596,0.020670755744223022,attentive_no_understanding
-169.13668518066402,-179.3809173583984,-0.10219948310537247,0.028668373636433913,attentive_no_understanding
-116.27270812988286,-119.19096374511719,-0.1616921468143138,0.08932657678938408,attentive_no_understanding
-133.17358093261714,-134.96565551757817,-0.24251026740090156,0.17681726044649893,attentive_no_understanding
-3.9191551208496094,-3.902115631103513,-0.08088296181302426,0.04082662863227035,attentive_no_understanding
-5.4203483581543,-5.552783966064453,-0.15152474227447285,0.09360886364501761,attentive_no_understanding
-96.06721801757817,-93.80330200195317,-0.08633122011725156,0.08170876608268332,attentive_no_understanding
-141.4080932617187,-125.94173583984366,0.06239476716330684,0.2596868443368441,attentive_no_understanding
-126.49838256835938,-125.28428039550772,-0.14529713640572386,0.16120450716825022,attentive_no_understanding
-4.671705881754562,-4.219041951497388,0.02335503285358191,0.19354550957056207,attentive_no_understanding
-106.25866394042964,-91.35141906738272,0.13705380710631135,0.19980975291650735,attentive_no_understanding
-178.0785675048828,-173.55051574707034,-0.052783275375140215,0.11920814594198346,attentive_no_understanding
-127.01416320800786,-131.00051574707027,-0.2355668585696463,0.1605579811704293,attentive_no_understanding
-142.42460327148433,-127.22073974609384,0.019337014748532597,0.28414006548539916,attentive_no_understanding
-5.312282689412434,-5.307191975911458,-0.09856225672604746,0.19100079826435712,attentive_no_understanding
-85.89968872070312,-93.96607055664072,-0.17085011663919564,-0.033620331506765265,attentive_no_understanding
-4.939705912272132,-5.130954106648765,-0.2081755473017221,0.1469864638407918,attentive_no_understanding
-91.75037231445322,-92.44794311523447,-0.06583277762889539,0.07720718297427717,attentive_no_understanding
-91.59689331054688,-89.57184448242197,-0.05094493958706313,0.1338767663095854,attentive_no_understanding
-120.70328369140634,-121.06281127929697,-0.14773064218903378,0.14801362350520372,attentive_no_understanding
-77.91157226562495,-77.97515869140625,-0.10304872953383422,0.055531251702757266,attentive_no_understanding
-119.34939270019527,-112.98383789062495,-0.08942359652315986,0.16111284907793752,attentive_no_understanding
-113.5891235351562,-116.74978027343741,-0.11484224591171578,0.07150603709096987,attentive_no_understanding
-173.1960205078126,-183.50184020996085,-0.0984259830833743,-0.00048249305881693127,attentive_no_understanding
-130.71082458496096,-135.180419921875,-0.1702445857026945,0.08546405603805544,attentive_no_understanding
-132.83269042968755,-137.6007324218749,-0.13538213706858201,0.07567363761319998,attentive_no_understanding
-116.39757690429678,-132.57631225585942,-0.23452289155307524,-0.007455018157637008,attentive_no_understanding
-123.45935974121085,-131.92445678710942,-0.12045895989456769,0.08264623310332384,attentive_no_understanding
-131.83967285156245,-142.09364624023442,-0.21552741078581025,0.02446790768308545,attentive_no_understanding
-4.912925465901694,-5.128795496622722,-0.28435683276762225,0.14159544506608973,attentive_no_understanding
-171.76611938476572,-181.93764038085942,-0.09612776881068857,0.00444321350391409,attentive_no_understanding
-139.93396606445322,-146.8192016601563,-0.21521116355507663,0.052093329983745024,attentive_no_understanding
-127.26461486816402,-131.29885559082027,-0.23577807893579367,0.1596697087304219,attentive_no_understanding
-131.90070800781245,-142.46968994140616,-0.21670187942817049,0.024132903050732898,attentive_no_understanding
-132.66997680664065,-136.30162658691404,-0.16243068349834403,0.09662688061010925,attentive_no_understanding
-4.1873509724934905,-4.132965596516925,-0.11845979682180774,0.07527462922407645,attentive_no_understanding
-293.3489990234375,-295.2104431152344,-0.13495151235936054,-0.007240291598152765,attentive_no_understanding
-292.60741271972665,-294.99427185058596,-0.13631122669439064,-0.009082500218880633,attentive_no_understanding
-133.223876953125,-138.37219848632822,-0.1452263786239674,0.08038372436200311,attentive_no_understanding
-90.16091003417978,-102.69711608886723,-0.11521255536976896,-0.11241250658104728,attentive_no_understanding
-4.549088795979813,-5.0037920633951884,-0.2192158335909945,-0.001216838903811892,attentive_no_understanding
-5.568202718098959,-5.511078643798825,-0.11598846112431485,0.14834094611433568,attentive_no_understanding
-91.91224975585942,-92.0966796875,-0.02066050880758034,0.09668323169296221,attentive_no_understanding
-229.50915222167964,-225.26525268554678,-0.03586897452936803,0.10727683843354659,attentive_no_understanding
-120.37829895019536,-123.41805114746091,-0.20491222269947668,0.15702485071331676,attentive_no_understanding
-5.950977770487469,-5.748066202799482,-0.19099669708216271,0.25675030579890046,attentive_no_understanding
-5.642816034952794,-5.330169423421225,-0.11782092413871695,0.19410896530578012,attentive_no_understanding
-5.623209190368652,-5.528891499837243,-0.14323132789912985,0.23644659747799765,attentive_no_understanding
-182.01686706542966,-175.98824768066402,-0.0505739629378372,0.12658464238214667,attentive_no_understanding
-126.34120178222656,-123.14004516601562,-0.17744749623664047,0.24114627075583608,attentive_no_understanding
-131.90070800781245,-142.46968994140616,-0.21670187942817049,0.024132903050732898,attentive_no_understanding
-129.7368286132812,-134.00828552246094,-0.16698217084175818,0.08179981876256975,attentive_no_understanding
-126.2820526123046,-133.9865600585938,-0.12266188147424928,0.08154125155010881,attentive_no_understanding
-114.60099487304683,-118.06950073242183,-0.15935781180306643,0.07916977326174374,attentive_no_understanding
-3.8066485087076813,-4.0250729878743385,-0.15354143552598234,0.006463704975391087,attentive_no_understanding
-12.24136339823405,-12.437931823730466,-0.03426988033656718,0.11545802570137985,attentive_no_understanding
-131.8165283203125,-148.34989013671884,-0.22418312397489007,-0.047581550548171606,attentive_no_understanding
-117.67144470214839,-119.00131530761723,-0.14722557769330413,0.09977505063789785,attentive_no_understanding
-83.08293457031255,-82.8920776367188,-0.06998263061661278,0.020525348300574054,attentive_no_understanding
-90.05484619140634,-90.3353271484375,-0.06696522834782553,0.110834889788841,attentive_no_understanding
-243.07309265136723,-257.09851379394536,-0.18088807268568746,0.04298090222951612,attentive_no_understanding
-7.4471141815185575,-7.213943227132162,-0.044850525005812186,0.092709951577425,attentive_no_understanding
-181.37469482421875,-175.32117004394536,-0.051143203894265965,0.12385721106551574,attentive_no_understanding
-105.68825988769527,-90.7095825195313,0.14234163210134257,0.19189794374011182,attentive_no_understanding
-114.30837097167978,-117.79304504394531,-0.1545756124976554,0.08649382622614675,attentive_no_understanding
-5.416678873697919,-5.753965504964185,-0.22526027671848053,0.03325425916821425,attentive_no_understanding
-82.7398681640625,-82.69089965820308,-0.0713928561351708,0.022103757237442397,attentive_no_understanding
-170.81655578613277,-181.6696136474609,-0.09807959686746462,0.0043303110958212085,attentive_no_understanding
-3.9948275248209626,-3.8864644368489536,0.014174060278020548,0.11606690066672141,attentive_no_understanding
-4.504524230957031,-4.764960479736331,-0.1868160590197313,0.004477385188851573,attentive_no_understanding
-6.842722066243489,-7.422558848063147,-0.12162895713050473,-0.017953067189840136,attentive_no_understanding
-84.1799438476562,-100.31743164062505,-0.17219825625132384,-0.16400723507511175,attentive_no_understanding
-11.46911176045736,-12.326609675089514,-0.1291790362327047,0.02081913476363648,attentive_no_understanding
-91.91224975585942,-92.0966796875,-0.02066050880758034,0.09668323169296221,attentive_no_understanding
-140.12506713867197,-129.51356811523442,-0.01670339472118373,0.23549068294382686,attentive_no_understanding
-175.77723693847656,-183.68590393066415,-0.06445988587002377,0.019929073636271902,attentive_no_understanding
-120.70328369140634,-121.06281127929697,-0.14773064218903378,0.14801362350520372,attentive_no_understanding
-83.9561889648437,-82.71062622070303,-0.02601761218304062,0.07289569570636052,attentive_no_understanding
-128.70678100585928,-145.61546020507808,-0.2558598848388013,-0.04403451297101081,attentive_no_understanding
-5.355200322469081,-5.648949940999351,-0.20088431233268772,0.06695267467462188,attentive_no_understanding
-138.3131332397461,-135.71956481933591,-0.21327337996133977,0.24168717684740346,attentive_no_understanding
-121.06792602539053,-117.64970703125005,-0.06389318550940765,0.090779973464028,attentive_no_understanding
-6.903676223754886,-7.47753588358561,-0.12312882226798529,-0.014585370104771024,attentive_no_understanding
-285.5399291992187,-294.7905914306641,-0.05587734489892588,0.08144238894522635,attentive_no_understanding
-82.61892089843741,-82.56179809570312,-0.07061774896015333,0.022114087883618544,attentive_no_understanding
-116.13773803710933,-119.13305969238286,-0.16155238365420602,0.08976172297943673,attentive_no_understanding
-5.43192927042643,-5.792616971333821,-0.33067422650298606,0.09316612990480108,attentive_no_understanding
-182.89483032226553,-173.61934204101567,-0.009072126467174237,0.10478141468212081,attentive_no_understanding
-89.57845458984366,-102.2276733398437,-0.11505901803716903,-0.11422920737699783,attentive_no_understanding
-106.3546142578125,-91.68072509765625,0.13781975996980325,0.19723809533839115,attentive_no_understanding
-169.05812377929692,-179.5982910156249,-0.08853276445346629,0.0012812314917434323,attentive_no_understanding
-5.830384826660158,-5.960538482666017,-0.23080741165010552,0.06479238793432195,attentive_no_understanding
-101.60154113769522,-93.27587585449214,0.07278239211731201,0.12095266296235224,attentive_no_understanding
-119.9005126953125,-112.18317565917971,-0.1350987291250545,0.29050281796915134,attentive_no_understanding
-126.71099853515625,-126.58079223632808,-0.15182124135764383,0.1668460823338649,attentive_no_understanding
-140.72333374023447,-129.42536010742197,-0.013537955427959004,0.23671143932090943,attentive_no_understanding
-5.435302734375,-4.836244964599615,0.02532099018319286,0.3236677194515341,attentive_no_understanding
-132.68147583007817,-136.38441772460942,-0.17384911419890234,0.09034163293628668,attentive_no_understanding
-294.70348815917964,-293.01446533203125,-0.10103783391230231,0.0046637288991040445,attentive_no_understanding
-128.25089721679683,-130.00703124999995,-0.20273325987527474,0.1751332451625928,attentive_no_understanding
-100.32970581054678,-101.94104614257822,-0.07157539177230969,0.1278374303152098,attentive_no_understanding
-5.443572743733718,-4.836252339680982,0.03132663912503877,0.3205084289148898,attentive_no_understanding
-106.72781982421884,-94.90933837890634,0.08892988476308804,0.1468472260749169,attentive_no_understanding
-140.10278015136714,-134.44028625488284,-0.15883698920755407,0.27536619313333344,attentive_no_understanding
-119.80334167480464,-113.26766967773438,-0.08743518802049177,0.16180180910831732,attentive_no_understanding
-5.83031349182129,-5.456761932373048,-0.11948992698443654,0.3468181036163762,attentive_no_understanding
-184.56811218261714,-177.15415649414058,-0.025900487966171382,0.15208331416598272,attentive_no_understanding
-175.73561401367192,-183.75137023925777,-0.10975893263743726,0.0031989295301265977,attentive_no_understanding
-138.7978393554688,-128.4869384765625,-0.019004728368490154,0.23498903382171427,attentive_no_understanding
-5.40094846089681,-5.706109110514323,-0.2855526295472911,0.11928886121046293,attentive_no_understanding
-118.78415222167973,-112.6282958984375,-0.08728009519184518,0.15808415147126986,attentive_no_understanding
-88.55710449218759,-90.86320800781255,-0.07909849349774675,0.051438629199503615,attentive_no_understanding
-83.70275268554678,-82.62069702148438,-0.08148299825904662,0.10444257874048643,attentive_no_understanding
-90.3315551757812,-91.50924682617188,-0.07807625942172808,0.08235678978364415,attentive_no_understanding
-126.25148315429692,-125.01472473144531,-0.13349489871730352,0.17209415204594375,attentive_no_understanding
-141.24739379882817,-150.49280395507822,-0.12980292012430208,0.014148996908626523,attentive_no_understanding
-102.17393188476558,-114.88002929687491,-0.2598718301897759,-0.04145246743206714,attentive_no_understanding
-3.155139414469403,-3.3628697713216127,-0.1707267946841791,-0.04663748621202631,attentive_no_understanding
-168.93294982910152,-179.42885742187502,-0.10141621985111753,0.02637791174451237,attentive_no_understanding
-5.875457191467284,-5.456803003946938,-0.11860147239064378,0.33769236085435106,attentive_no_understanding
-86.9696166992187,-91.53337402343755,-0.10345576158092983,0.021468254708743945,attentive_no_understanding
-122.98092956542973,-122.77265930175781,-0.1472272235027443,0.1506806982693272,attentive_no_understanding
-133.75652465820315,-129.568359375,-0.09016712543145058,0.1731560267033334,attentive_no_understanding
-134.746337890625,-120.30167846679683,0.01141586494702294,0.24560789354838863,attentive_no_understanding
-7.126958465576173,-7.570846176147462,-0.1479097377249248,-0.017649396462356397,attentive_no_understanding
-258.93071899414053,-259.06976928710947,-0.1113075953505983,0.13533256887445994,attentive_no_understanding
-135.03876953124995,-122.41762695312491,0.0027994046407070596,0.2420237070464462,attentive_no_understanding
-7.002453740437829,-6.3224732716878265,0.09092936168823139,0.21512173904698206,attentive_no_understanding
-133.12019805908199,-135.42498779296875,-0.22077558087773255,0.17397214770060637,attentive_no_understanding
-88.37228393554688,-93.22067260742188,-0.10775378879374821,0.021326860536386147,attentive_no_understanding
-129.10590820312495,-146.46887817382822,-0.2599682831961423,-0.04273105910735455,attentive_no_understanding
-108.05494995117192,-115.08998413085942,-0.18312295713382476,0.0128548563112811,attentive_no_understanding
-169.53546142578125,-183.24859619140625,-0.12685901650773135,-0.027205478793666967,attentive_no_understanding
-88.3715698242188,-86.52376708984366,-0.00570635098267191,0.14152977704927702,attentive_no_understanding
-131.90575256347654,-130.67091369628906,-0.1369916694486342,0.1407009946242724,attentive_no_understanding
-123.73180541992178,-123.5481475830079,-0.12755080275786485,0.17010699373757474,attentive_no_understanding
-130.2549591064453,-131.56687927246094,-0.11266660594542176,0.11638715553699575,attentive_no_understanding
-115.78011779785152,-109.03029785156252,-0.15293827012152886,0.26964953494223576,attentive_no_understanding
-92.28069458007803,-91.31916503906245,-0.013056505368849839,0.09964567153800047,attentive_no_understanding
-181.33843383789065,-175.42128906250002,-0.05155519242561853,0.12387311313318963,attentive_no_understanding
-126.92897033691406,-125.93007812499991,-0.147002438465987,0.16183021544660375,attentive_no_understanding
-91.75466308593741,-94.1632202148437,-0.11781347475560022,0.032427242310629635,attentive_no_understanding
-126.44027099609366,-139.03899536132803,-0.23134421935716756,0.00416248838121868,attentive_no_understanding
-181.49266052246094,-176.03123474121094,-0.05774867869105025,0.12574691280643924,attentive_no_understanding
-183.60469360351567,-174.22501220703134,-0.009606225800947507,0.10456531169142122,attentive_no_understanding
-98.15372924804683,-92.44976196289053,-0.02361687326081423,0.09725208750650546,attentive_no_understanding
-135.49722290039062,-130.42447204589848,-0.058712027003116764,0.19775157651086836,attentive_no_understanding
-108.68842773437495,-115.77687988281241,-0.18433506749418763,0.011679409930939712,attentive_no_understanding
-82.76815185546866,-76.3729125976563,-0.0031530922549362953,0.17037858246945095,attentive_no_understanding
-133.0851531982422,-129.5045623779297,-0.09459924298133211,0.16962326528155938,attentive_no_understanding
-282.86636047363277,-295.7781341552734,-0.08173980783498555,0.06274939457854423,attentive_no_understanding
-168.09309082031245,-184.86618957519534,-0.14704701826170585,-0.06281676862317985,attentive_no_understanding
-88.2307006835938,-90.52516479492192,-0.08218128279374042,0.05124097333684442,attentive_no_understanding
-141.6540069580078,-126.29137573242178,0.06370862266344733,0.25999822439063114,attentive_no_understanding
-89.95332336425781,-102.3704132080079,-0.11468857744550584,-0.11228472758512247,attentive_no_understanding
-7.160978062947592,-6.809123484293615,-0.012095542161654359,0.12244592480988958,attentive_no_understanding
-106.35081176757808,-111.70705566406241,-0.09486082090683497,0.09643687898119238,attentive_no_understanding
-294.09549560546884,-296.42952270507817,-0.13585784080538793,-0.00729829941694622,attentive_no_understanding
-84.46169128417978,-100.36599426269527,-0.2540152641738712,-0.14440908644292133,attentive_no_understanding
-131.90575256347654,-130.67091369628906,-0.1369916694486342,0.1407009946242724,attentive_no_understanding
-106.3546142578125,-91.68072509765625,0.13781975996980325,0.19723809533839115,attentive_no_understanding
-302.5266571044922,-294.73294982910147,-0.06682366838422006,0.04445594094320531,attentive_no_understanding
-295.39288330078125,-297.68091735839846,-0.13805550591543786,0.0016676937940517118,attentive_no_understanding
-96.53072509765616,-94.17831420898438,-0.08971636360574682,0.08313978589780324,attentive_no_understanding
-92.28363647460947,-94.60827026367178,-0.11739393597984352,0.029613960723499148,attentive_no_understanding
-140.26677856445303,-138.75244140625,-0.14086056418881807,0.1267420503171051,attentive_no_understanding
-134.8306823730469,-132.18623046874995,-0.1848814178961948,0.15907636004120224,attentive_no_understanding
-134.48974304199214,-132.4193237304687,-0.1524566389897548,0.21368640385959117,attentive_no_understanding
-106.34085388183598,-91.55191650390634,0.13627614240683752,0.19882651493389764,attentive_no_understanding
-284.27585144042973,-293.08753356933585,-0.06672238340491157,0.0872978342002156,attentive_no_understanding
-124.14152221679683,-135.1199310302734,-0.14629567056346746,0.06524941635434961,attentive_no_understanding
-119.02168273925781,-112.86444396972661,-0.08831184976595784,0.15901246922097148,attentive_no_understanding
-87.11785278320303,-89.06546630859384,-0.08421791800609978,0.05202878520018241,attentive_no_understanding
-87.5123168945313,-90.91255493164067,-0.09030583155725773,0.019890439299560168,attentive_no_understanding
-105.00483398437495,-103.45817871093755,-0.1380403586972695,0.1121325771993995,attentive_no_understanding
-92.08569946289072,-94.66126098632822,-0.12089717610491632,0.03300705425997983,attentive_no_understanding
-132.68147583007817,-136.38441772460942,-0.17384911419890234,0.09034163293628668,attentive_no_understanding
-121.18531799316406,-117.86940917968741,-0.0647975353951774,0.09102433283798006,attentive_no_understanding
-3.752326456705731,-3.8004781087239508,-0.07137892125737656,0.07782770929553133,attentive_no_understanding
-129.25728607177734,-135.81244506835935,-0.28492529184675763,0.11187794004918317,attentive_no_understanding
-91.9024536132813,-89.90536499023438,-0.04141294227424664,0.14387565750121037,attentive_no_understanding
-5.827520815531415,-5.573108800252278,-0.13356842676213745,0.2836911306190694,attentive_no_understanding
-179.2432403564453,-179.49521179199223,-0.0936016158233843,0.06362294365083797,attentive_no_understanding
-298.9889312744141,-295.1431549072265,0.002055671232022135,0.16283879073543917,attentive_no_understanding
-129.32792053222647,-123.97404785156255,-0.04964747685724614,0.11799204090238265,attentive_no_understanding
-3.945988210042316,-4.083214569091794,-0.05104266456830412,0.06733211765298713,attentive_no_understanding
-136.28537902832034,-132.87261352539065,-0.08718143032207747,0.18581065753932496,attentive_no_understanding
-132.1816864013672,-128.82492065429688,-0.09635132988403133,0.1670826028334533,attentive_no_understanding
-127.33645629882812,-120.86090087890625,-0.04937547022590236,0.1262070059948006,attentive_no_understanding
-135.32957153320308,-122.50286254882803,0.0007960538007572782,0.2451142532976134,attentive_no_understanding
-5.405987294514972,-6.075873311360674,-0.25600013735956295,-0.03571942819167411,attentive_no_understanding
-142.25796508789062,-150.90666503906255,-0.13544089489298494,0.031118641142648642,attentive_no_understanding
-86.26021118164067,-102.39963378906259,-0.18285722455538234,-0.17235170257195287,attentive_no_understanding
-140.12506713867197,-129.51356811523442,-0.01670339472118373,0.23549068294382686,attentive_no_understanding
-117.48449096679678,-131.00664062500005,-0.22595884189893856,0.0013366243359227105,attentive_no_understanding
-131.90575256347654,-130.67091369628906,-0.1369916694486342,0.1407009946242724,attentive_no_understanding
-138.0743865966797,-135.09226074218748,-0.21231882366440286,0.24309028148342382,attentive_no_understanding
-132.1816864013672,-128.82492065429688,-0.09635132988403133,0.1670826028334533,attentive_no_understanding
-131.85294189453134,-139.32269897460947,-0.15843304741796532,0.07043536893521678,attentive_no_understanding
-168.77413940429688,-178.92169799804685,-0.10222392206251238,0.029471875782495598,attentive_no_understanding
-5.144824091593421,-5.102213033040364,-0.13688985458956873,0.17836161114941143,attentive_no_understanding
-92.97055664062509,-94.8111450195313,-0.11616791097746032,0.03222790942079932,attentive_no_understanding
-118.01485595703116,-102.27571411132817,0.06584287406295437,0.2568024150840351,attentive_no_understanding
-181.99688720703125,-167.37689208984375,0.035944571335020006,0.15240098587950546,attentive_no_understanding
-5.395088195800781,-5.119223149617518,-0.10869301440273564,0.19461724629261493,attentive_no_understanding
-181.6641387939453,-183.06091003417964,-0.031209577215639443,0.1303401667323876,attentive_no_understanding
-4.003672663370764,-3.626070404052733,0.1166788140697709,0.09470399806850643,attentive_no_understanding
-141.4080932617187,-125.94173583984366,0.06239476716330684,0.2596868443368441,attentive_no_understanding
-169.14159545898428,-179.19639282226558,-0.09914124551203982,0.028566940019270175,attentive_no_understanding
-179.0526123046875,-179.49320373535159,-0.09831729585961696,0.0694011584144307,attentive_no_understanding
-295.80191955566397,-294.6973022460937,-0.10516241213114379,0.0064531617123946795,attentive_no_understanding
-134.38043823242197,-136.35816040039072,-0.16205893816644332,0.09219318964145358,attentive_no_understanding
-140.5171875000001,-139.5046508789062,-0.15933508255408485,0.0955184454958718,attentive_no_understanding
-304.65087890625,-285.96722412109375,-0.014947766732516837,0.12949660656160575,attentive_no_understanding
-111.98975219726572,-107.73507080078116,-0.11615378105062954,0.1013658365809862,attentive_no_understanding
-5.442681376139326,-5.549637349446613,-0.1360943093691989,0.08364171673888876,attentive_no_understanding
-5.58418324788412,-5.570124816894534,-0.15216817329748866,0.13329216812399697,attentive_no_understanding
-5.916517829895021,-5.694553184509278,-0.1913057310996686,0.25523644397885165,attentive_no_understanding
-105.45812377929678,-110.66046752929697,-0.09580273232551371,0.09536803790602687,attentive_no_understanding
-5.052301025390626,-4.868242518107095,-0.0551571860486623,0.08755276106316591,attentive_no_understanding
-86.80581665039062,-91.43281249999995,-0.10321002458627163,0.020078998786108887,attentive_no_understanding
-96.95485839843741,-100.09556274414058,-0.05667874635824028,0.08095092701138473,attentive_no_understanding
-92.18541870117178,-94.71434936523428,-0.11822599862763215,0.031178861973314737,attentive_no_understanding
-131.03123474121094,-135.71838684082036,-0.17450967703733253,0.08784160393024845,attentive_no_understanding
-106.35081176757808,-111.70705566406241,-0.09486082090683497,0.09643687898119238,attentive_no_understanding
-140.82411499023442,-141.7192260742188,-0.15120200741347978,0.0927414603640948,attentive_no_understanding
-5.334138870239258,-5.435073598225912,-0.2288809670216227,0.19062744710184984,attentive_no_understanding
-88.80574340820317,-91.06359252929678,-0.07905276818146176,0.051119227677110246,attentive_no_understanding
-140.7403686523437,-129.38135375976572,-0.013509194579041582,0.23691502671961412,attentive_no_understanding
-131.61364135742178,-142.3271728515624,-0.21767237572971632,0.024483072956341445,attentive_no_understanding
-140.67904052734366,-140.0871826171874,-0.15888423678264793,0.09550847860002222,attentive_no_understanding
-149.19503784179688,-152.03284301757822,-0.07533001968169449,0.09160258634904045,attentive_no_understanding
-126.23660583496098,-122.97954406738279,-0.17706772088018713,0.243331087177923,attentive_no_understanding
-298.9224975585937,-294.8182617187499,0.0015444430914048643,0.16591881374588047,attentive_no_understanding
-6.170582071940103,-5.975021107991537,-0.0006345088148769502,0.12487281976411496,attentive_no_understanding
-94.34203491210928,-90.08290405273442,-0.010633093145812492,0.1453660845378954,attentive_no_understanding
-121.4718536376954,-121.69687500000009,-0.1495554648821192,0.1543264431800809,attentive_no_understanding
-119.14493713378897,-112.94724426269522,-0.08794952827557839,0.15855423233198407,attentive_no_understanding
-140.94012451171875,-141.86500854492192,-0.15521067051730691,0.09548189686603056,attentive_no_understanding
-96.61323852539067,-94.64739990234375,-0.061539510051178345,0.07002646292924199,attentive_no_understanding
-91.02700805664062,-93.0677490234375,-0.11756512367572503,0.0295021268629929,attentive_no_understanding
-4.845019531250003,-5.266712188720703,-0.1828520622583562,-0.0005561675942989993,attentive_no_understanding
-292.8204650878906,-298.5303833007813,-0.023551238211862804,0.10136554000215359,attentive_no_understanding
-129.88177490234375,-134.2834991455078,-0.16692871419247202,0.08072203219423366,attentive_no_understanding
-4.652670923868811,-4.412041346232094,-0.07421967483424557,0.14397380160547982,attentive_no_understanding
-115.37819213867192,-104.4254028320313,0.0036788564869406713,0.20595208525723552,attentive_no_understanding
-87.07156372070312,-92.87901000976558,-0.15386967625436487,-0.011355857504815606,attentive_no_understanding
-181.28127441406252,-167.19888305664062,0.03501422849275449,0.1529511143097732,attentive_no_understanding
-5.355200322469081,-5.648949940999351,-0.20088431233268772,0.06695267467462188,attentive_no_understanding
-12.283484522501624,-12.485265223185216,-0.03589477502120874,0.1156952129989361,attentive_no_understanding
-85.42083740234375,-83.82190551757822,0.005700725733385114,0.13729041450623475,attentive_no_understanding
-5.051427078247073,-5.076945877075197,-0.16115857839957465,0.16183560871499952,attentive_no_understanding
-128.18371887207036,-130.03458862304683,-0.2050562657414658,0.17482678636182847,attentive_no_understanding
-7.362046686808263,-7.609875742594397,-0.05355054709192199,0.04071672394703533,attentive_no_understanding
-174.92512817382817,-179.56441650390627,-0.042528648944450395,0.08384105677737134,attentive_no_understanding
-132.68147583007817,-136.38441772460942,-0.17384911419890234,0.09034163293628668,attentive_no_understanding
-115.79500122070317,-100.01522216796866,0.08273005489366374,0.26393350233071805,attentive_no_understanding
-82.63588867187491,-82.60329589843741,-0.07160756186949545,0.022510026809612622,attentive_no_understanding
-181.3822662353516,-178.6238891601563,-0.05311823546698999,0.0555874744161654,attentive_no_understanding
-111.96440429687505,-107.47089843749995,-0.11602333776922048,0.10290779342355434,attentive_no_understanding
-238.24389953613286,-242.0369750976563,-0.12035227757861575,0.053232742454069004,attentive_no_understanding
-106.68821411132808,-111.9249267578125,-0.09411557405877063,0.09720395970974353,attentive_no_understanding
-289.6375915527344,-293.09444580078116,-0.017474732985109827,0.12311080710465837,attentive_no_understanding
-82.7398681640625,-82.69089965820308,-0.0713928561351708,0.022103757237442397,attentive_no_understanding
-103.66299438476562,-98.73204956054678,-0.09970795710671831,0.14703598929674494,attentive_no_understanding
-131.74195251464846,-132.88398437499995,-0.136488911505899,0.13167344397129122,attentive_no_understanding
-5.409863026936847,-4.822591400146479,0.028568156158182516,0.31665852823849805,attentive_no_understanding
-116.27270812988286,-119.19096374511719,-0.1616921468143138,0.08932657678938408,attentive_no_understanding
-141.09390258789062,-142.70365600585933,-0.18184896343457507,0.10426969017278033,attentive_no_understanding
-132.60287170410152,-136.44720458984375,-0.17590337002275966,0.09283770351784641,attentive_no_understanding
-106.4644897460937,-104.21223144531245,-0.03326143099228439,0.19643919233350718,attentive_no_understanding
-92.94813842773442,-103.87337341308591,-0.17690116475376702,-0.03558737269740403,attentive_no_understanding
-122.42927246093745,-122.34553833007817,-0.009637412763838395,0.07235769677865876,attentive_no_understanding
-181.75507812499995,-175.88808898925777,-0.051394764247212496,0.12185946298756745,attentive_no_understanding
-4.738007354736325,-5.325863901774092,-0.2963472807238113,-0.028598921120859246,attentive_no_understanding
-128.24574584960942,-134.31093444824216,-0.18883876210355258,0.07628112972560602,attentive_no_understanding
-104.03716430664053,-101.19692382812491,-0.12407899725876295,0.123039000788456,attentive_no_understanding
-135.7900512695312,-131.2589355468749,-0.09244486575052402,0.16294879503742846,attentive_no_understanding
-3.825216674804686,-3.722125498453778,0.034575203940481955,0.1520472839678144,attentive_no_understanding
-180.55076599121094,-162.58473815917978,0.07716951544531106,0.20482864299171072,attentive_no_understanding
-112.89615783691397,-119.38618469238281,-0.18852690287833723,0.04239376917967533,attentive_no_understanding
-12.149120203653972,-12.089153671264647,0.004038571421674581,0.1520450834849258,attentive_no_understanding
-131.64691162109375,-142.3224975585938,-0.21781092112581252,0.0231931367394732,attentive_no_understanding
-120.81950378417969,-120.90883483886728,-0.14832585207937335,0.1496473337065336,attentive_no_understanding
-139.3267883300781,-136.02301635742185,-0.1882178360178047,0.25467241334951074,attentive_no_understanding
-120.37772216796884,-116.82481994628915,-0.06286618482479926,0.09489605904899907,attentive_no_understanding
-112.40316467285152,-117.96870727539067,-0.23511578693178747,0.13830887492904986,attentive_no_understanding
-170.38701171875005,-181.11277160644534,-0.09708246899058806,0.03024032741131786,attentive_no_understanding
-5.546968841552733,-5.301451746622718,-0.06746801302577646,0.23271469891802707,attentive_no_understanding
-103.67550659179688,-115.44650268554688,-0.26515380747804873,-0.04937189190359769,attentive_no_understanding
-146.90756225585938,-141.4040405273438,-0.09914663248285265,0.18486985846499973,attentive_no_understanding
-117.13203735351567,-105.19442138671866,0.0331002682805094,0.21098141071895574,attentive_no_understanding
-281.5414337158204,-294.2984954833985,-0.08099874797672021,0.06509933836757624,attentive_no_understanding
-104.9072387695312,-103.41634521484366,-0.13818684931661254,0.11324160468868813,attentive_no_understanding
-5.916517829895021,-5.694553184509278,-0.1913057310996686,0.25523644397885165,attentive_no_understanding
-94.7295043945312,-88.39353027343759,0.013993644690388874,0.20454038501025185,attentive_no_understanding
-127.4446899414063,-126.50445251464839,-0.1480029115044294,0.16368282318707839,attentive_no_understanding
-284.17252807617183,-296.88948669433603,-0.08208650349533679,0.06872354561610257,attentive_no_understanding
-284.5988647460938,-293.08078308105473,-0.06253798042360997,0.08667198207522431,attentive_no_understanding
-5.6672681172688755,-5.162982940673828,-0.03244276611471262,0.26028463249157285,attentive_no_understanding
-92.09518432617188,-88.69187011718759,-0.04194643684330858,0.141952913656644,attentive_no_understanding
-12.149120203653972,-12.089153671264647,0.004038571421674581,0.1520450834849258,attentive_no_understanding
-131.90070800781245,-142.46968994140616,-0.21670187942817049,0.024132903050732898,attentive_no_understanding
-131.03738403320312,-142.06462402343755,-0.22275806394092923,0.025680449614150364,attentive_no_understanding
-104.98209838867183,-105.19149169921866,-0.16298320392609686,0.08456003288498974,attentive_no_understanding
-145.53572387695317,-145.5863159179687,-0.17133931896029722,0.12414408708809513,attentive_no_understanding
-294.09549560546884,-296.42952270507817,-0.13585784080538793,-0.00729829941694622,attentive_no_understanding
-170.3349609375,-181.14165649414065,-0.09645596749528441,0.03125832125119419,attentive_no_understanding
-4.191273752848318,-4.526530965169265,-0.2307224763879222,-0.04417431757197814,attentive_no_understanding
-83.18334350585928,-76.80834350585928,-0.004674404389358333,0.17044334526319,attentive_no_understanding
-122.10642700195308,-111.33388366699228,-0.02307104804985671,0.23723564384319556,attentive_no_understanding
-103.1667602539062,-91.90600280761714,0.10034653503441582,0.13573624414441765,attentive_no_understanding
-3.3136589050292997,-3.250635528564459,-0.05231321233100049,0.047426438669967284,attentive_no_understanding
-86.43198852539058,-85.93896484375,-0.0017689381534164354,0.10886934423541501,attentive_no_understanding
-4.8570025126139384,-4.3143768310546875,0.053580776759651484,0.2510240838881074,attentive_no_understanding
-133.70691223144536,-128.61386718749998,-0.0650518954096892,0.18216607226029574,attentive_no_understanding
-104.82702026367178,-103.31850585937491,-0.13846865316086132,0.11373329908201746,attentive_no_understanding
-4.553327687581373,-4.147350819905597,0.024855604429868304,0.18606016829968466,attentive_no_understanding
-279.48222045898433,-294.97612304687505,-0.095570461220793,0.03677207383280116,attentive_no_understanding
-128.78125,-145.87400207519522,-0.2595190517107471,-0.041503779107543735,attentive_no_understanding
-92.04005737304692,-87.87562866210942,0.06453699237358175,0.16680050110184144,attentive_no_understanding
-146.9100219726563,-141.09509887695322,-0.09859136412736715,0.1848522103779146,attentive_no_understanding
-134.47799072265616,-121.75717773437509,0.005121958851111332,0.24043789823632467,attentive_no_understanding
-110.81547241210933,-119.40431213378906,-0.21621208415391618,0.012700564650252388,attentive_no_understanding
-184.63432617187505,-175.9832885742187,-0.011736518221462027,0.16058357827809996,attentive_no_understanding
-127.24950561523428,-138.74234619140634,-0.2152879529140883,0.021290156791430193,attentive_no_understanding
-107.70420837402344,-96.46033020019536,0.02287755584384978,0.22641034857901418,attentive_no_understanding
-81.78046264648447,-102.84201660156259,-0.2561060907250192,-0.2282734762829768,attentive_no_understanding
-4.993222427368167,-5.192617925008143,-0.21615061595716634,0.1431408125445699,attentive_no_understanding
-174.11268920898442,-179.23493041992197,-0.038202004117890306,0.06688251847965075,attentive_no_understanding
-120.60469055175781,-117.49362182617188,-0.06611417303257083,0.09449315597406716,attentive_no_understanding
-4.929527791341144,-4.285080464680988,0.08144514093727424,0.2312151458483497,attentive_no_understanding
-168.93294982910152,-179.42885742187502,-0.10141621985111753,0.02637791174451237,attentive_no_understanding
-80.40283813476572,-80.736083984375,-0.06873731487071778,0.12218895175803428,attentive_no_understanding
-10.373095957438146,-10.647906621297203,-0.12364750240261396,0.1122715922123947,attentive_no_understanding
-111.96440429687505,-107.47089843749995,-0.11602333776922048,0.10290779342355434,attentive_no_understanding
-179.63559875488284,-165.49107971191415,0.030095670586571324,0.1545611454572068,attentive_no_understanding
-221.60849914550772,-247.63786010742183,-0.2616948079539399,-0.08773899903386521,attentive_no_understanding
-101.63020019531245,-114.43499145507803,-0.2559504828141425,-0.04211507559312583,attentive_no_understanding
-3.8967737833658873,-3.882636769612624,-0.0822783346687823,0.03850526697804138,attentive_no_understanding
-5.0242768605550125,-4.837133026123048,-0.05959788964107771,0.07797651425932992,attentive_no_understanding
-281.88852233886723,-295.0328491210937,-0.08185748517608978,0.06412501185777765,attentive_no_understanding
-126.90675354003906,-126.77942199707036,-0.15098462696321924,0.1660848993374711,attentive_no_understanding
-88.32283325195317,-93.53372802734384,-0.10698476123879004,0.019310372543532416,attentive_no_understanding
-3.442197163899735,-3.4140830993652287,-0.049939303909564706,0.06490430379467231,attentive_no_understanding
-5.753536732991542,-5.561016209920247,-0.09602158919377053,0.18793761841400922,attentive_no_understanding
-84.70934448242178,-83.58075561523447,-0.08247123635968386,0.10648670751474903,attentive_no_understanding
-135.60626831054697,-141.66369018554678,-0.2412393343287228,0.05239486944371014,attentive_no_understanding
-298.6125030517578,-294.88654785156245,0.002047457176558437,0.16374944441802974,attentive_no_understanding
-138.7770019531249,-138.74534301757808,-0.15130083487067086,0.13105429772556318,attentive_no_understanding
-296.77018432617183,-292.7180053710938,0.006003646945094574,0.1607775661684617,attentive_no_understanding
-296.28431701660156,-292.0488037109375,-0.0942029637412387,0.024858762415376507,attentive_no_understanding
-171.03751525878897,-181.6153564453125,-0.09413943046452121,-0.00249058239103597,attentive_no_understanding
-9.82839342753092,-9.244424311319982,0.046557725421968114,0.20123478659759725,attentive_no_understanding
-12.2654727935791,-11.804801177978518,-0.06561173407647998,0.07460552323790451,attentive_no_understanding
-3.892514546712235,-3.9250617980957045,-0.0972257178690132,0.053665805681856825,attentive_no_understanding
-4.048286310831706,-3.7392402648925795,0.09581066363532385,0.10427926211629235,attentive_no_understanding
-5.792593002319336,-5.653289159139,-0.1864535298097666,0.23975260780191687,attentive_no_understanding
-122.7353637695312,-122.57643432617192,-0.009004149194414404,0.07220368739784497,attentive_no_understanding
-132.3406982421875,-130.00753784179688,-0.10558447072672698,0.1669777319087714,attentive_no_understanding
-169.01855773925786,-179.26033325195317,-0.10195134394725465,0.02843829056918206,attentive_no_understanding
-86.80581665039062,-91.43281249999995,-0.10321002458627163,0.020078998786108887,attentive_no_understanding
-132.15929870605464,-135.8838592529297,-0.1721467277792185,0.08847965244377354,attentive_no_understanding
-128.07864990234373,-129.84014892578125,-0.20251535726325837,0.17426387037415786,attentive_no_understanding
-3.17141901652019,-3.2386815388997405,-0.07539538703050287,0.034140156155501686,attentive_no_understanding
-139.62595520019534,-136.27564392089846,-0.1882495396425068,0.2558973954219574,attentive_no_understanding
-106.94980163574223,-94.95998840332027,0.0886319163457436,0.14761710889274732,attentive_no_understanding
-3.735802078247069,-4.200667444864905,-0.14314662054546753,-0.05716158951819333,attentive_no_understanding
-129.03238525390634,-142.33273315429688,-0.20928352036327125,-0.011766610447951296,attentive_no_understanding
-4.978647486368814,-4.8221823374430315,-0.056394564729391056,0.07701724586200528,attentive_no_understanding
-273.90602111816406,-291.55130615234384,-0.10726553398444431,0.032800413073826015,attentive_no_understanding
-92.28069458007803,-91.31916503906245,-0.013056505368849839,0.09964567153800047,attentive_no_understanding
-126.43143005371098,-125.37525329589835,-0.14551218932183743,0.1609177463423919,attentive_no_understanding
-115.55389099121089,-124.0576232910156,-0.2809791280196915,0.08995454346672088,attentive_no_understanding
-180.3541961669922,-180.8763366699219,-0.09328897463505656,0.06630931814132478,attentive_no_understanding
-4.1486732482910185,-3.711507542928061,0.15553263880775195,0.13308206078950705,attentive_no_understanding
-3.261479949951166,-3.223675537109372,-0.05888655310635072,0.04765124759209956,attentive_no_understanding
-126.40339355468745,-140.07760620117188,-0.237278442524097,-0.012313964499937454,attentive_no_understanding
-89.52704467773447,-92.48615722656245,-0.05497842952790427,0.05845734970964611,attentive_no_understanding
-233.92749328613286,-252.4018035888671,-0.19822173799169052,-0.052388381437722384,attentive_no_understanding
-4.934246571858722,-4.289478556315103,0.08107217400983212,0.2318644691621033,attentive_no_understanding
-110.72046203613286,-119.5946563720704,-0.21501659707873177,0.010024689062201518,attentive_no_understanding
-134.38043823242197,-136.35816040039072,-0.16205893816644332,0.09219318964145358,attentive_no_understanding
-81.57465820312495,-80.70296630859366,-0.06472328133915306,0.09227228310765834,attentive_no_understanding
-123.45935974121085,-131.92445678710942,-0.12045895989456769,0.08264623310332384,attentive_no_understanding
-170.38701171875005,-181.11277160644534,-0.09708246899058806,0.03024032741131786,attentive_no_understanding
-112.53997192382803,-130.69649658203116,-0.30918106496472425,-0.058623615177099284,attentive_no_understanding
-119.85892639160147,-113.31299438476572,-0.08697694147528551,0.1610030046567523,attentive_no_understanding
-130.10836486816402,-132.68798828125,-0.23817728699924892,0.11840571960502147,attentive_no_understanding
-133.2012481689453,-136.86679992675784,-0.16528951708088344,0.0989231557577126,attentive_no_understanding
-142.99846191406255,-151.7672119140625,-0.14263505581511085,0.03471943790205769,attentive_no_understanding
-115.92385864257812,-126.15004272460942,-0.13075401819792482,-0.055506854950996005,attentive_no_understanding
-124.52415161132808,-132.9435913085938,-0.1306937251662593,0.06287272618204241,attentive_no_understanding
-92.28069458007803,-91.31916503906245,-0.013056505368849839,0.09964567153800047,attentive_no_understanding
-141.20963592529301,-130.7634857177734,-0.10607306031022902,0.3300135468281714,attentive_no_understanding
-5.5517494201660185,-5.943903605143234,-0.1863623717728246,0.02865503986082417,attentive_no_understanding
-184.84325866699214,-176.0851470947266,-0.015591281850201071,0.105467074165902,attentive_no_understanding
-4.181052907307944,-4.232933807373044,-0.06150522613637522,0.1253260798928231,attentive_no_understanding
-3.8303581237792983,-3.5296755472819115,0.1498744507217034,0.2640944849357044,attentive_no_understanding
-116.49765014648438,-105.16899414062505,0.02320535860268804,0.21762465315523488,attentive_no_understanding
-142.06306152343745,-151.13693237304688,-0.13955187954254655,0.03721665584859246,attentive_no_understanding
-4.389294815063476,-4.633523178100585,-0.3176742436493443,0.05288502433720988,attentive
-5.650285720825195,-5.544141832987467,-0.23096581599194538,0.20863653240316077,attentive
-5.822271219889323,-5.766444206237793,-0.23505031918911362,0.18873695274606042,attentive
-4.830810801188157,-4.790764617919919,-0.1842945251039698,0.11591708941087081,attentive
-11.204277547200522,-11.561796569824217,-0.22162817674976765,0.12658616599700567,attentive
-6.521203867594409,-6.74531580607097,-0.17451075993274334,0.14299280961119634,attentive
-5.92772000630697,-6.069918568929037,-0.3509912916597021,0.154358865013412,attentive
-4.527253595987954,-4.689311472574868,-0.30880129159660374,0.06468904250454093,attentive
-5.107553482055664,-5.187189356486002,-0.23556442622176765,0.15694022536603944,attentive
-5.126357269287112,-5.025991439819336,-0.1954347539365307,0.13339787082511298,attentive
-5.757355626424157,-5.928323046366376,-0.28949830069926447,0.18434500470995827,attentive
-3.8634184519449875,-4.218991470336917,-0.26445553707633895,0.02849944892804282,attentive
-5.600414085388184,-5.830189895629882,-0.29164705095371807,0.1717022449036987,attentive
-5.545694351196289,-5.349630610148111,-0.17638401633683645,0.2682182405198148,attentive
-6.000644683837891,-6.0166426976521805,-0.25116241795697103,0.22327632228880862,attentive
-5.91572259267171,-5.909803962707521,-0.2648494631091483,0.18549155727140013,attentive
-6.3921587626139384,-6.696229807535815,-0.23979292261154042,0.09410161806936101,attentive
-6.119528579711915,-5.855768203735352,-0.15919628542400258,0.21995389594211565,attentive
-4.404809315999344,-4.175956217447919,-0.08752684894166209,0.18677945260127862,attentive
-7.034003702799481,-7.087085215250653,-0.12677732316277382,0.18454915184782525,attentive
-5.100845591227213,-5.181318537394205,-0.23618336908082121,0.1576297403974442,attentive
-5.641364860534669,-5.565309206644695,-0.22850676539667328,0.20266618049784527,attentive
-6.398369852701826,-6.641890716552737,-0.1987541631368614,0.12543466431605263,attentive
-4.9983743031819685,-5.103187179565431,-0.12371096093754017,0.1516415648790176,attentive
-6.521203867594409,-6.74531580607097,-0.17451075993274334,0.14299280961119634,attentive
-4.989759572347008,-4.972332255045572,-0.24230607700044626,0.16281506815237504,attentive
-5.1070426940917955,-5.184227371215819,-0.2361403177357408,0.15868618220177388,attentive
-5.839723904927574,-6.004068883260089,-0.2858168331921334,0.18369640128078701,attentive
-5.357291285196936,-5.508640670776366,-0.20132501523746255,0.15057652160878757,attentive
-5.73391539255778,-5.5224152882893875,-0.20903095251417667,0.2708829788423325,attentive
-4.3362638473510735,-4.643363253275556,-0.2652870756301752,0.12182828569513522,attentive
-6.739284515380859,-6.6398325602213575,-0.09917389244200728,0.1865914653237379,attentive
-4.732309341430664,-4.863096491495767,-0.22204672779909243,0.1304043555170013,attentive
-5.3431430816650405,-5.480480829874672,-0.1872869656385024,0.13366598283808426,attentive
-5.581883049011232,-5.691118812561037,-0.2220417704434821,0.19954934435646368,attentive
-4.50066363016764,-4.507473754882813,-0.11090655800245697,0.18507518405883838,attentive
-5.758691279093419,-5.951578394571939,-0.2647683567070013,0.14248305007808915,attentive
-5.896259053548178,-5.676219685872397,-0.20221557226647316,0.16467887834433928,attentive
-4.729113133748378,-4.973715464274086,-0.28340326176616526,0.0834472566611695,attentive
-6.747615941365552,-6.465951283772782,-0.07892997453647799,0.2655566095969024,attentive
-6.631997426350907,-6.7818598429362,-0.1955043761622046,0.14756706915647408,attentive
-5.7556950251261405,-5.547025934855142,-0.21434918472845585,0.27390633153538635,attentive
-6.067358652750649,-6.053143183390297,-0.18642715104654253,0.1804743115242954,attentive
-3.83996556599935,-4.206579208374023,-0.265567211220175,0.029557224154709186,attentive
-5.536410776774083,-5.576762517293297,-0.09621952026495535,0.09770908066955562,attentive
-4.491391499837242,-4.658952713012695,-0.30845560180804527,0.06322580019519501,attentive
-6.402968851725262,-6.6433586120605455,-0.20008399465958257,0.12621590183335446,attentive
-5.249933369954427,-5.279096094767247,-0.1588614853789788,0.18000669103601138,attentive
-5.914137776692705,-6.771211878458665,-0.3656820107678998,-0.021175037591884167,attentive
-5.985636138916014,-5.845740000406906,-0.062222754124211736,0.20933674529297766,attentive
-6.101587041219073,-5.648055521647134,-0.1541410608534056,0.3585885487963307,attentive
-6.015342966715501,-5.8626721700032505,-0.05619861804807525,0.21476822336907045,attentive
-5.587918726603185,-5.648306910196936,-0.22533864910388327,0.17951014133636387,attentive
-5.315686289469404,-5.14923095703125,-0.09392772207611741,0.22209199460777587,attentive
-5.515449523925781,-5.803267987569171,-0.3836998859862866,0.08652715808433452,attentive
-4.823262659708654,-4.9847493489583385,-0.2524185102953661,0.1147388874356206,attentive
-7.041646067301436,-7.090007273356122,-0.12912712285910574,0.18681482969807645,attentive
-7.029595692952469,-6.579080454508471,-0.04639587646820566,0.3071361470511957,attentive
-5.712681388854982,-5.499870618184406,-0.21413781623867925,0.27184842795977693,attentive
-6.015342966715501,-5.8626721700032505,-0.05619861804807525,0.21476822336907045,attentive
-6.037301381429039,-5.963166554768883,-0.15518194079422415,0.21086055919106075,attentive
-7.007577260335282,-7.066089375813796,-0.12812364469132798,0.1851678539238436,attentive
-6.529935455322267,-6.7549217224121065,-0.174682339465865,0.14130521508336338,attentive
-4.358057657877602,-4.753270085652673,-0.3847810962719952,0.02552028178565202,attentive
-4.75300070444743,-4.190972773234051,-0.047986150897620095,0.35304573509753184,attentive
-4.259389177958173,-4.277915763854981,-0.1569528879639883,0.201623858892229,attentive
-5.997583452860514,-5.52242762247721,-0.15069982120759948,0.3416055914534095,attentive
-11.770828247070312,-12.023223368326821,-0.2018799747453217,0.14554077781213492,attentive
-4.056116612752284,-3.872668584187828,-0.0642813696294669,0.26287699852038204,attentive
-4.652165031433107,-4.383121999104819,-0.016030925885732773,0.2399738039478286,attentive
-5.122707366943359,-5.076284154256186,-0.16253850687491947,0.22811783145314862,attentive
-4.940579350789392,-4.695450592041013,-0.06038627926410004,0.2895844456353789,attentive
-9.577716064453124,-9.940835952758789,-0.19450617627614186,0.12137438938549559,attentive
-4.256021118164064,-4.543621762593585,-0.2815317238637862,0.10196750489557001,attentive
-5.756959660847983,-5.936636606852215,-0.2875428077304128,0.18303766782203007,attentive
-4.888822301228842,-4.586301167805992,-0.06387768031212927,0.3138523199229494,attentive
-5.455236180623373,-5.820066070556642,-0.36745156797960493,0.1066956585575637,attentive
-5.317157491048171,-5.3077781677246065,-0.16002689772119108,0.14411737013211318,attentive
-4.564485168457033,-4.346714591979982,-0.13772927786461892,0.26592309344247406,attentive
-6.058877817789721,-5.9039301554362,-0.060678935890792304,0.21033174549330907,attentive
-6.0395216623942005,-6.135046005249023,-0.2292267099764276,0.15836318462318158,attentive
-4.775917307535806,-4.897251892089841,-0.22376689183998666,0.1276564040047154,attentive
-5.845440928141272,-5.506277974446618,-0.12496423790529604,0.2298135959393798,attentive
-3.786841964721681,-3.6303000132242786,-0.07867336779659483,0.23043890585702653,attentive
-5.712681388854982,-5.499870618184406,-0.21413781623867925,0.27184842795977693,attentive
-5.392683537801112,-5.518078994750979,-0.1893125716456806,0.1379237074543177,attentive
-5.751957130432128,-5.929461797078449,-0.28542242741002993,0.18146725163292857,attentive
-14.63381576538086,-15.637780761718751,-0.09151351278984474,0.021477031618860415,attentive
-4.738894271850583,-4.870366414388023,-0.2194576187295719,0.1278623978873226,attentive
-4.918270874023435,-4.648519643147786,-0.059301104530548286,0.28870495106173844,attentive
-9.170504887898765,-9.85023409525553,-0.30822673594347927,0.0511146589317493,attentive
-9.325961685180665,-9.897471745808922,-0.27504311953296845,0.07230860374276095,attentive
-5.8878948211669915,-5.754156494140624,-0.23768441047750297,0.2441030969824951,attentive
-4.3559123992919915,-4.377440516153971,-0.15716880807386477,0.19913543745701534,attentive
-6.418165842692062,-6.6657183329264384,-0.20110627626021157,0.12558188778765128,attentive
-5.545451863606768,-5.590118662516279,-0.21487086487021972,0.19899735024059778,attentive
-6.015424728393555,-6.113549041748044,-0.23112609677860602,0.15946002572300996,attentive
-11.092887624104819,-11.576051203409829,-0.21522416369962147,0.11888195126869605,attentive
-7.0053395589192675,-6.874158732096362,-0.12749697201512988,0.22323334423513388,attentive
-4.266848119099933,-4.411982981363934,-0.20962511975893058,0.1547839863455962,attentive
-5.822271219889323,-5.766444206237793,-0.23505031918911362,0.18873695274606042,attentive
-4.113088480631518,-4.3465349833170634,-0.21218607631668382,0.09276591424292326,attentive
-5.1977528889974,-5.086671829223633,-0.20275883542605355,0.24103759120409174,attentive
-5.544164657592773,-5.576595306396484,-0.09822582163007859,0.09900822726292019,attentive
-5.5986317952474,-5.858913294474284,-0.31564999497339324,0.14725575656660442,attentive
-4.376401519775392,-4.1597297668457,-0.09997270279815255,0.18925303852988584,attentive
-3.8579254150390625,-4.214005152384438,-0.26771943303465506,0.02935237908871906,attentive
-5.644307772318523,-5.667520523071289,-0.22504520378484094,0.2029687016734632,attentive
-5.708754158020021,-5.760975646972657,-0.21637500195065312,0.22621401941179975,attentive
-5.497967211405438,-5.486123784383135,-0.2223169823373418,0.1865473442684411,attentive
-6.541234334309891,-6.9803082784016866,-0.26103473062345883,0.07972248529688175,attentive
-4.968904876708983,-4.680230077107751,-0.06848718884828336,0.3070890802238996,attentive
-4.375429916381833,-4.76390266418457,-0.3816787150780808,0.024932763853282313,attentive
-4.6816510518391965,-4.928819020589195,-0.2699735517963728,0.0721358568310243,attentive
-4.295217259724936,-4.917158635457358,-0.43783779457224886,-0.037912374864674206,attentive
-5.388292185465495,-5.526389821370444,-0.18968251460662428,0.13252767966108062,attentive
-6.048522440592443,-5.681157430013023,-0.11960516335101766,0.2525539194048462,attentive
-5.118846130371097,-5.082961654663087,-0.1621683606087082,0.22910274898890157,attentive
-5.815987968444823,-5.6856009165445975,-0.2340850533394221,0.2363121730668887,attentive
-4.475409825642899,-4.562628682454431,-0.23077411188026759,0.10695059195607642,attentive
-6.879030609130858,-7.118195343017575,-0.20312562398519396,0.12568763656485918,attentive
-4.3352577209472685,-4.076375325520829,-0.0852250217535394,0.19055584272457948,attentive
-5.5849482218424455,-5.625254058837889,-0.22417324651554832,0.17912728513033813,attentive
-5.419483439127603,-5.335641988118489,-0.12280954771404326,0.17686394627064528,attentive
-6.843974304199222,-6.535119883219409,-0.09481717918015417,0.25661377073299624,attentive
-5.655870310465495,-5.680870564778644,-0.2288926186671949,0.20731674022843521,attentive
-4.526622263590497,-4.616706593831374,-0.18590695363172538,0.1450519031895784,attentive
-11.904615275065101,-11.715388997395834,-0.13012844844408483,0.20817259182750641,attentive
-5.026918665568033,-4.684796142578126,-0.05116029362510795,0.3045186574338678,attentive
-3.8166419982910185,-4.1780970255533845,-0.2659148452917,0.0313720074162344,attentive
-4.848592249552404,-5.562358093261722,-0.47693415807769485,-0.06004545583750099,attentive
-4.343648020426436,-4.120999908447267,-0.0976536380910449,0.21100781256300574,attentive
-6.4053260803222685,-6.645665232340498,-0.21450948197481637,0.10315994983433718,attentive
-5.542235501607259,-5.722779464721679,-0.2513815297817704,0.19439801676332316,attentive
-5.759791374206543,-5.5483525594075545,-0.21284171538628063,0.2739387202567957,attentive
-4.372363026936853,-4.639608319600427,-0.18368464338382484,0.07805562258640766,attentive
-11.186262130737305,-11.554276529947913,-0.22193741711559797,0.12574291463034531,attentive
-5.3431430816650405,-5.480480829874672,-0.1872869656385024,0.13366598283808426,attentive
-5.878759765624999,-5.8820906956990555,-0.23624889651001857,0.21349560308407098,attentive
-4.204110336303714,-3.9338748931884737,-0.03202641079995001,0.24408448561939572,attentive
-5.797871081034341,-5.976383145650228,-0.2899398710527773,0.18387922324231212,attentive
-7.004397837320965,-7.052922312418623,-0.12922448747248375,0.18645302052140522,attentive
-16.170131047566734,-17.339791234334314,-0.15959530578610504,-0.01766349112356883,attentive
-5.435821024576821,-5.805053011576337,-0.37664297811878805,0.11685336756552532,attentive
-6.980313364664717,-6.969446055094409,-0.15361901929553615,0.21014666197554527,attentive
-5.708331998189291,-5.4830966949462905,-0.21053837173981443,0.2734675515660368,attentive
-11.60686912536621,-11.382177988688149,-0.12963247961557606,0.22256785991459255,attentive
-5.810860951741539,-6.00786259969076,-0.26990845641117195,0.09707203005770017,attentive
-6.4818499247233134,-6.7167371114095005,-0.2015214025410563,0.12810682687537492,attentive
-4.775917307535806,-4.897251892089841,-0.22376689183998666,0.1276564040047154,attentive
-5.949634933471678,-5.482818730672204,-0.15762815078065606,0.306859926613158,attentive
-4.138007863362631,-4.509918340047204,-0.2600922900210273,0.023237877488668023,attentive
-4.961406199137368,-4.799884160359703,-0.14228656481466662,0.2743018656380573,attentive
-5.744699478149414,-5.537856292724609,-0.21095031043884568,0.27047033476257776,attentive
-5.544624074300131,-5.300917816162109,-0.1723589484643622,0.277376016509192,attentive
-5.244484202067056,-5.182469813028966,-0.15736323840912406,0.2124186902800519,attentive
-5.929536819458008,-5.970639165242513,-0.2535286713067861,0.21214041007253143,attentive
-6.966883595784502,-6.838064320882154,-0.12886584790842984,0.227536870706093,attentive
-5.750813039143885,-6.139159520467125,-0.2572251427158743,0.0898973383519382,attentive
-4.370186169942219,-4.634642664591471,-0.26360545831013166,0.12133076795605335,attentive
-4.131853230794263,-4.324576314290361,-0.19394114884908742,0.09166563368853103,attentive
-5.800550142923992,-5.67798480987549,-0.2248755742548124,0.2239610252755662,attentive
-6.283410898844409,-6.728307088216141,-0.2578202799169438,0.07365959140007877,attentive
-4.285327275594078,-4.492846488952637,-0.16822761844248124,0.0947378693304528,attentive
-4.450588480631517,-4.518299611409503,-0.17451113646508415,0.1626663581538031,attentive
-5.644307772318523,-5.667520523071289,-0.22504520378484094,0.2029687016734632,attentive
-5.739320373535158,-5.864515177408862,-0.24128768213037255,0.09574702840480252,attentive
-4.113088480631518,-4.3465349833170634,-0.21218607631668382,0.09276591424292326,attentive
-4.67347043355306,-4.49017454783122,-0.14762241616411595,0.24883068614078335,attentive
-11.41991195678711,-11.373407872517905,-0.13118071382036542,0.1963708533791153,attentive
-5.5989026387532554,-5.512184651692706,-0.2266716669780996,0.20359323751030767,attentive
-5.712103271484374,-5.823391215006517,-0.18734916333525056,0.11786289841541935,attentive
-4.552054468790686,-4.938657379150392,-0.3525281756740267,0.044052645419813165,attentive
-4.16186548868815,-4.544471104939781,-0.2640717332488799,0.02630507342065327,attentive
-5.539476203918458,-5.492124430338542,-0.22921891050076232,0.2031369660890976,attentive
-4.234259668985999,-4.615476353963217,-0.3541339661830982,0.027875304136626672,attentive
-11.169107564290368,-11.64637908935547,-0.2152633836513644,0.11966128113370955,attentive
-5.451742299397786,-5.553606732686358,-0.2471603784427021,0.1873403297492205,attentive
-5.124767303466797,-4.596233367919922,-0.005384044429016778,0.38078986042636664,attentive
-14.52722536722819,-15.674390411376955,-0.08885444530092478,0.012240405981234624,attentive
-6.027123896280919,-5.747027587890628,-0.14240202046358305,0.2715859616088799,attentive
-4.970710118611656,-4.795106252034508,-0.13894878656633192,0.2717010429259155,attentive
-5.609308878580727,-5.927049827575683,-0.3601106087800457,0.10875429400226859,attentive
-11.902773793538415,-11.114710489908852,-0.052260449977937946,0.32288819920636574,attentive
-5.772975158691409,-5.870233917236327,-0.2409207277198561,0.10234460761596158,attentive
-4.975270589192711,-4.798504257202147,-0.14050182854482776,0.2751641470725428,attentive
-5.998813501993816,-5.6604460398356125,-0.1175390552428123,0.24904821550575093,attentive
-5.835323079427084,-6.009852536519368,-0.2906224929547651,0.18094782116128022,attentive
-6.136672210693362,-6.120992279052736,-0.23968132179282528,0.15128409695845324,attentive
-5.122721354166664,-5.090990956624353,-0.1635417279462438,0.22754868773116893,attentive
-4.161618804931642,-4.530963516235353,-0.26231691301971544,0.025634205257298356,attentive
-6.185850270589185,-6.145620218912768,-0.13468536085046548,0.17112347744964146,attentive
-4.34786732991536,-4.397758229573569,-0.22017459808396128,0.1091188725794422,attentive
-5.722498893737793,-5.897010485331219,-0.29152389236482834,0.18606025646522972,attentive
-6.205084228515624,-6.794020080566405,-0.29191295813368096,0.042017174646592034,attentive
-4.892872111002603,-4.924646504720055,-0.28901707616907746,0.16206031142436708,attentive
-5.731312306722003,-5.798805618286131,-0.21426498202670452,0.22350585254903835,attentive
-5.85253683725993,-5.433027267456055,-0.15849726835342065,0.29750021632430795,attentive
-6.375597890218103,-6.400973765055333,-0.2217455996643714,0.13164058097781167,attentive
-4.943645222981772,-5.048924128214516,-0.2788859083249677,0.19057794725207905,attentive
-11.440974171956384,-11.373419952392577,-0.13067274285230632,0.19738747562266162,attentive
-4.829871877034499,-5.004950205485024,-0.24684047184380753,0.07085207964620356,attentive
-4.566365051269528,-4.249862925211588,-0.05774305521244785,0.24968720134008415,attentive
-4.805826187133789,-4.959721120198573,-0.25105035711637047,0.11096304837375191,attentive
-5.5102680206298835,-5.804759661356609,-0.3214191454681785,0.14790478548825486,attentive
-11.446114603678382,-11.401496505737306,-0.13157121656297163,0.1973597054055888,attentive
-6.042882156372073,-5.739279556274411,-0.14595040406982077,0.27344811036281313,attentive
-6.631997426350907,-6.7818598429362,-0.1955043761622046,0.14756706915647408,attentive
-5.878469085693361,-5.607693354288735,-0.13476819758298741,0.26288076491898194,attentive
-5.756959660847983,-5.936636606852215,-0.2875428077304128,0.18303766782203007,attentive
-5.451713689168287,-5.428327814737955,-0.17403086902507833,0.07005856852079356,attentive
-5.892126464843749,-5.765863418579102,-0.24074608554514337,0.2393400987033984,attentive
-5.3431430816650405,-5.480480829874672,-0.1872869656385024,0.13366598283808426,attentive
-6.637752532958984,-6.765322367350265,-0.19580520410051044,0.1472027678179189,attentive
-5.348326492309571,-5.6688748041788735,-0.37384062817013464,0.10865181309237078,attentive
-5.583390299479163,-5.548507054646812,-0.09596552271250702,0.14380080688645822,attentive
-4.412062962849937,-4.266607284545898,-0.11411405867550971,0.18909929589648397,attentive
-5.114483388264979,-5.030170694986978,-0.22600345481940248,0.2736850709126859,attentive
-5.341025161743161,-5.494943873087564,-0.186968430503265,0.1304070464081239,attentive
-5.615250078837079,-5.527312342325846,-0.22422650651268144,0.2005637903570745,attentive
-5.23861389160156,-5.313562393188477,-0.2920217608474741,0.09395655202595178,attentive
-5.288990783691403,-5.326308441162112,-0.2974274543691125,0.10568998155011967,attentive
-4.413549677530931,-4.533351643880209,-0.24565185531669861,0.10088019257907845,attentive
-5.32209955851237,-5.211124674479166,-0.08446822325909564,0.208108166214558,attentive
-4.30893128712972,-4.788743400573729,-0.34154938849029887,0.0475755067957354,attentive
-5.615250078837079,-5.527312342325846,-0.22422650651268144,0.2005637903570745,attentive
-5.638796488444015,-5.668083445231126,-0.11375577804382395,0.1387830186154081,attentive
-5.836478741963706,-6.000924173990885,-0.2837271242907015,0.18150743126055627,attentive
-5.12855339050293,-5.2230870564778655,-0.24237016849869378,0.15966252258172575,attentive
-5.80670388539632,-5.7786184946695975,-0.16967031379431533,0.2769038855505965,attentive
-5.168641916910808,-5.067543919881189,-0.20330482685020607,0.24594897451873807,attentive
-4.383483505249025,-4.655783335367836,-0.18460191428016556,0.07758724922455355,attentive
-4.7767403920491525,-4.1449314117431655,-0.0233763776511748,0.43271902701688547,attentive
-5.394106038411451,-5.504094441731766,-0.16177010871803285,0.1678857367701179,attentive
-5.5247698465983035,-5.286935933430993,-0.1767289845291545,0.2759825877921849,attentive
-5.710561625162757,-5.892819404602051,-0.281607117408586,0.17897684377817627,attentive
-5.789147567749023,-5.764673169453939,-0.23695503002669793,0.2244907821126851,attentive
-5.003271738688156,-4.819058990478517,-0.10252065842769653,0.15109091954832582,attentive
-4.730431365966794,-4.865526962280271,-0.22473089685658212,0.13187466451329272,attentive
-4.416176732381185,-4.646755663553876,-0.2376608970255896,0.13084451250266885,attentive
-4.561003367106121,-4.354156939188641,-0.13814962720933202,0.2644068352373543,attentive
-11.606696573893228,-11.366690572102868,-0.13054134257763858,0.22201052746159103,attentive
-5.7295659383138045,-5.388989639282226,-0.12399829052816948,0.3137767572240477,attentive
-5.947474924723302,-5.261240641276039,-0.03518437908782239,0.418478829025036,attentive
-7.041646067301436,-7.090007273356122,-0.12912712285910574,0.18681482969807645,attentive
-5.586124801635741,-5.788796679178876,-0.37670110425390213,0.10292287171210948,attentive
-5.522865041097006,-5.577394104003908,-0.09870955409828959,0.09643901632700173,attentive
-5.747956975301108,-5.9412970225016295,-0.29046203802804854,0.18174129516582377,attentive
-5.732537078857419,-5.444000498453775,-0.04728699109715939,0.20204185788446025,attentive
-9.298227183024089,-9.800038401285804,-0.2725652815700311,0.0784284738454999,attentive
-5.651188913981116,-5.269553883870444,-0.030254127674982114,0.2881091274632901,attentive
-5.488910293579103,-5.66416778564453,-0.2224311949140236,0.08478781370472568,attentive
-5.952609125773112,-5.538901456197106,-0.17276061422342812,0.2946858464511742,attentive
-5.772975158691409,-5.870233917236327,-0.2409207277198561,0.10234460761596158,attentive
-5.376880009969078,-5.2050791422526,-0.1857115845426518,0.2565021885808074,attentive
-4.654984792073563,-4.45347442626953,-0.0905322714004905,0.2458030557020951,attentive
-5.9550794601440415,-5.497412236531577,-0.1486229352635414,0.34651843914680985,attentive
-5.641364860534669,-5.565309206644695,-0.22850676539667328,0.20266618049784527,attentive
-5.514797210693359,-5.611213175455724,-0.09110965337786806,0.10761550634341924,attentive
-5.828869120279947,-5.997153854370119,-0.28951849179654854,0.1830219416000403,attentive
-5.051643117268881,-4.876109313964843,-0.08205379327418987,0.23330684291397535,attentive
-5.768029467264814,-5.761544609069823,-0.1772684743166165,0.2723045297768226,attentive
-4.601636759440112,-4.337255605061841,-0.05259876110409148,0.25219144590929204,attentive
-6.402968851725262,-6.6433586120605455,-0.20008399465958257,0.12621590183335446,attentive
-5.331741841634113,-5.32690505981445,-0.1634696122779212,0.14473653529870456,attentive
-4.056116612752284,-3.872668584187828,-0.0642813696294669,0.26287699852038204,attentive
-5.73391539255778,-5.5224152882893875,-0.20903095251417667,0.2708829788423325,attentive
-5.177036794026698,-5.484551239013669,-0.42739247193388635,0.04792902008150042,attentive
-6.643252563476565,-6.791294606526691,-0.19644667813859198,0.14742196867882362,attentive
-5.725141080220542,-5.900200208028156,-0.28816449854201376,0.18168027432543848,attentive
-6.049790445963545,-6.066143798828122,-0.13221810385021388,0.18846862401760725,attentive
-4.979755147298178,-4.970846684773765,-0.2424469546822099,0.16101167108128348,attentive
-4.301589584350587,-4.047330729166667,-0.07182222236530122,0.274329439566814,attentive
-5.99273732503255,-5.575553894042969,-0.1548790233698692,0.3476515678082007,attentive
-5.615250078837079,-5.527312342325846,-0.22422650651268144,0.2005637903570745,attentive
-4.305572954813641,-4.792012977600098,-0.342176722086563,0.046845336581242264,attentive
-5.529960250854494,-5.642027918497718,-0.1465942052298396,0.09866062995734157,attentive
-4.652895609537758,-5.14988505045573,-0.38949103054088224,0.015050805082346071,attentive
-5.112893168131507,-5.4478605906168625,-0.2821181012076072,0.012912423513577579,attentive
-4.972455724080405,-4.959698867797851,-0.23947626364141114,0.15736255420743916,attentive
-4.739548110961913,-4.8921051025390625,-0.22473090913141386,0.12905471969506463,attentive
-4.725895945231116,-4.854615147908532,-0.22101725264513514,0.130209970157405,attentive
-4.6837839762369775,-4.4896591186523445,-0.0953499829465647,0.1886721623243221,attentive
-4.320110321044922,-4.329185994466144,-0.1837733794065494,0.17420768289575922,attentive
-6.998447672526048,-6.858217112223315,-0.1276208004744134,0.2266743684168062,attentive
-4.773455810546874,-4.876933670043947,-0.26681290292880333,0.08620872116834596,attentive
-4.96904182434082,-4.54047190348307,-0.033018874162118565,0.35344597672597494,attentive
-4.43778330485026,-4.678980509440105,-0.2440237907429604,0.1331577568714412,attentive
-5.292852401733398,-5.599389266967776,-0.2523996039807958,0.04732017065418737,attentive
-5.017998886108401,-5.373231252034508,-0.26894440642468664,0.09211250960919026,attentive
-4.7280592600504505,-4.852443822224934,-0.22331712092922076,0.12538548330373614,attentive
-11.757808685302734,-12.034192911783851,-0.2025400977627622,0.1446352486934706,attentive
-5.329839452107748,-5.186162694295248,-0.19640694205641412,0.23898310081624446,attentive
-4.125498708089189,-4.328530375162764,-0.1912367362362607,0.09123044974390575,attentive
-4.786573537190748,-4.706141789754227,-0.19978455092047578,0.10102462281773011,attentive
-4.397705713907882,-4.600603612264003,-0.2796953960651385,0.058777657245067456,attentive
-4.357794570922849,-4.223792521158856,-0.11722218163470104,0.18380344810639615,attentive
-5.513992182413734,-5.5765265146891245,-0.2875734903637239,0.20250139108337792,attentive
-4.192354329427076,-4.59796091715495,-0.2596898717616764,0.050732063269769,attentive
-6.966883595784502,-6.838064320882154,-0.12886584790842984,0.227536870706093,attentive
-5.99995257059733,-6.207815678914393,-0.2952220335193188,0.09840215546286772,attentive
-6.415138498942056,-6.2131056467692005,-0.16482653360198793,0.21975394780064683,attentive
-5.729044596354171,-6.131396738688153,-0.25731244173381684,0.07153996085101974,attentive
-3.500800196329749,-3.7590408325195312,-0.22699876877679673,0.024030771725191722,attentive
-5.548785527547199,-5.590478960673014,-0.21577996424696463,0.19999473745887297,attentive
-5.133281326293947,-5.063474527994792,-0.1631379674451033,0.23347243221330605,attentive
-5.257699712117514,-5.109314473470057,-0.21999059069874505,0.25051235140053196,attentive
-5.1406145731608035,-5.044414901733397,-0.22149632329600133,0.2738930124039718,attentive
-5.924778238932294,-5.436535390218101,-0.11156343349830732,0.3637837620612741,attentive
-4.318507512410481,-4.80982780456543,-0.3424777462947979,0.04772637522317375,attentive
-5.6682139078776,-6.257641347249354,-0.2884767830770417,-0.001425126539146724,attentive
-5.586279424031577,-5.319612503051758,-0.11677650231806085,0.28538823545353414,attentive
-4.708958053588866,-4.953005472819008,-0.2728820960885357,0.07517238288980171,attentive
-5.836478741963706,-6.000924173990885,-0.2837271242907015,0.18150743126055627,attentive
-5.44944928487142,-5.375653330485022,-0.13182338140755306,0.1747821101955306,attentive
-5.7617116292317725,-5.936666870117186,-0.2885345547546126,0.18238163013159464,attentive
-4.718593724568684,-4.944281387329099,-0.2686310717845242,0.0746534161419916,attentive
-6.801202392578126,-6.750060780843093,-0.11580441805885835,0.19149867212861604,attentive
-4.939335632324216,-4.741859436035156,-0.1029791655640343,0.15131191146242198,attentive
-5.515612411499024,-5.2805901845296255,-0.17704291988916485,0.27666789131435787,attentive
-4.439029057820637,-4.678981145222981,-0.24428340937039858,0.1335908113705733,attentive
-4.617191696166991,-4.576045608520509,-0.19476662841130304,0.130560926000764,attentive
-5.705920664469396,-5.716038258870448,-0.23278513905606152,0.18553361771226742,attentive
-4.667905426025392,-4.949525451660158,-0.2754811696153261,0.07852334415435504,attentive
-5.492535654703772,-5.584530385335292,-0.09117035167530084,0.10899745559851812,attentive
-10.983030827840174,-11.78172925313314,-0.3240337688304305,0.05225899632819198,attentive
-4.945322163899732,-5.103546396891275,-0.24970607279592677,0.05588487124727664,attentive
-5.610253397623694,-5.512330881754558,-0.06646215112146524,0.17233058691910413,attentive
-5.758691279093419,-5.951578394571939,-0.2647683567070013,0.14248305007808915,attentive
-5.7495105743408175,-5.948929595947263,-0.2713134025025437,0.14201328870173965,attentive
-6.2672294616699205,-6.793749491373703,-0.28345471767072405,0.05649743830378927,attentive
-5.763214365641279,-5.679080772399903,-0.2410642025534746,0.20441477260936836,attentive
-4.831648635864255,-4.9787724812825545,-0.22554689360428795,0.13549127763469457,attentive
-5.998253377278651,-5.305061213175456,-0.032480226378845636,0.42640747895026654,attentive
-5.821655527750654,-5.690953572591145,-0.244023053612289,0.24047802778910563,attentive
-4.307926623026532,-4.792860285441083,-0.34237645776576264,0.046387717911755603,attentive
-6.418165842692062,-6.6657183329264384,-0.20110627626021157,0.12558188778765128,attentive
-5.770991643269859,-5.415960693359374,-0.123604207472969,0.3153342883712099,attentive
-5.6157766977945975,-5.636783091227215,-0.22800468818229122,0.2056089581780731,attentive
-11.770828247070312,-12.023223368326821,-0.2018799747453217,0.14554077781213492,attentive
-4.773372395833334,-4.896733220418298,-0.22504485763159052,0.1289148138265357,attentive
-12.24194361368815,-11.571532058715821,-0.052430374680359,0.28799816262827393,attentive
-5.935657501220703,-5.768564605712889,-0.13554422459931995,0.1163449593704433,attentive
-4.340749613444018,-4.112326558430986,-0.10023733146461498,0.21559059247147463,attentive
-5.633916727701823,-6.014686457316081,-0.27892973974769797,0.09664918637019253,attentive
-5.812504959106445,-6.009376525878906,-0.29005463705051765,0.1791023870395967,attentive
-5.722498893737793,-5.897010485331219,-0.29152389236482834,0.18606025646522972,attentive
-5.729666646321611,-5.847665150960282,-0.18881125991337658,0.11808301095558726,attentive
-5.818032201131189,-5.985999298095702,-0.2873834959583225,0.18325743062519395,attentive
-3.786841964721681,-3.6303000132242786,-0.07867336779659483,0.23043890585702653,attentive
-11.206345240275063,-11.549083328247072,-0.21909968849291184,0.12687999370941797,attentive
-5.799827575683594,-5.4675799051920535,-0.12506114304075389,0.23222279657048187,attentive
-5.204293696085607,-5.517920939127599,-0.4295948547587348,0.048365532964876036,attentive
-5.240286254882811,-5.2711427052815765,-0.29559025677525985,0.10651179209462024,attentive
-4.255465189615887,-4.326503054300947,-0.18797745845836328,0.17619740939551948,attentive
-5.964365641276043,-5.500296084086099,-0.14718265943547448,0.34322506040591905,attentive
-4.076118977864581,-4.347194989522297,-0.3171316864307186,0.0786761761308075,attentive
-4.323931948343912,-4.188090642293297,-0.11335865185928655,0.179006962346266,attentive
-6.142264048258468,-5.890440114339185,-0.057766832529586205,0.257115331275288,attentive
-5.752840169270833,-5.8097698211669915,-0.21659184343262006,0.22588725063220313,attentive
-4.2897936503092495,-4.302830505371091,-0.13151888457253258,0.1721187436484226,attentive
-5.119929758707684,-5.000324376424146,-0.19113817222136834,0.14147408562206484,attentive
-5.516906229654943,-5.749909210205075,-0.23604642531054526,0.06015905152622303,attentive
-5.743067614237468,-5.5432587305704715,-0.21529633443855417,0.27194738433609655,attentive
-11.233941014607751,-11.580286916097009,-0.22257842169081438,0.1290395759348887,attentive
-4.456793975830081,-4.561668141682944,-0.23628590958704593,0.09790525428715352,attentive
-6.375597890218103,-6.400973765055333,-0.2217455996643714,0.13164058097781167,attentive
-4.378376770019532,-4.622055498758954,-0.23595840633044113,0.12737699930257113,attentive
-3.5189336140950545,-3.8256585439046233,-0.24202876839023113,0.04251947472138781,attentive
-4.683577728271484,-4.535848490397132,-0.08364344458736127,0.19059416801601922,attentive
-4.660120264689127,-4.837227121988931,-0.2852866283825758,0.14035800051900324,attentive
-9.326075871785484,-9.889731343587243,-0.27737270723950364,0.07390403034877942,attentive
-5.792231877644859,-5.825372060139976,-0.22338455461577605,0.1906023078988479,attentive
-5.705920664469396,-5.716038258870448,-0.23278513905606152,0.18553361771226742,attentive
-4.126870981852221,-4.327115631103517,-0.19161468836932696,0.09226018174445977,attentive
-5.5184788386027,-5.698610877990724,-0.3314940909802465,0.1475837726190457,attentive
-4.3275133768717495,-4.097967529296874,-0.09847631010467639,0.21016071962651758,attentive
-4.975270589192711,-4.798504257202147,-0.14050182854482776,0.2751641470725428,attentive
-4.642500813802087,-4.475065612792967,-0.08164369756553627,0.19722426848012603,attentive
-6.717414093017581,-6.618371327718094,-0.10009052750300453,0.18287268952929225,attentive
-5.73391539255778,-5.5224152882893875,-0.20903095251417667,0.2708829788423325,attentive
-5.323261769612628,-5.313998921712233,-0.16304992357664796,0.14533864333114965,attentive
-5.290852991739904,-5.269826761881511,-0.1987788664937483,0.16414289535259666,attentive
-5.844402694702147,-5.785132980346681,-0.23346972123635434,0.18852723285853454,attentive
-4.624235534667967,-4.587730662027994,-0.19489935617342163,0.13013320817058668,attentive
-16.266620635986328,-16.648660278320314,-0.07545357046427309,0.056050414227199814,attentive
-4.115546671549481,-4.313162485758468,-0.19107467500237976,0.09171339427685277,attentive
-5.434840011596677,-5.377051544189456,-0.12355947190743057,0.1740333763919371,attentive
-5.427451833089194,-5.549920272827151,-0.1681507539220116,0.10060726486452806,attentive
-4.51348876953125,-4.524464543660486,-0.11065647549646061,0.1839014234989272,attentive
-4.497133127848304,-4.6858580271402985,-0.3060993604957155,0.06128602346726185,attentive
-5.329258600870766,-5.333248901367185,-0.12579091861466626,0.20691376584791502,attentive
-7.007577260335282,-7.066089375813796,-0.12812364469132798,0.1851678539238436,attentive
-5.8290804545084605,-5.983065287272137,-0.27867818230125524,0.18429495600553927,attentive
-6.435343424479171,-6.867991638183597,-0.2679491855953764,0.08061929367691258,attentive
-9.556389617919923,-9.94105682373047,-0.19534937210163456,0.11999923779258602,attentive
-5.917864100138349,-5.656647237141929,-0.1853334859507884,0.2935891037841465,attentive
-4.2876482009887695,-4.356854629516601,-0.1862781753221929,0.17155276336073605,attentive
-6.212424214680986,-6.81497446695964,-0.2940260457650453,0.04183261474860041,attentive
-4.3224687576293945,-4.628307024637859,-0.26663750648790885,0.11987987375944072,attentive
-4.63027992248535,-4.982748413085936,-0.3361222844464359,0.06085228329888935,attentive
-4.8758954366048215,-4.613944625854494,-0.05597973650330418,0.2862953905332911,attentive
-5.434840011596677,-5.377051544189456,-0.12355947190743057,0.1740333763919371,attentive
-11.602492904663087,-11.364407221476235,-0.13080093561196154,0.22260807741447702,attentive
-5.481938934326173,-5.573714192708337,-0.09173341369585965,0.1079655487953873,attentive
-6.006537119547524,-5.875117619832359,-0.16407029677186957,0.2407487546289546,attentive
-4.459941482543947,-4.579896672566733,-0.24091803613900425,0.0978713359714357,attentive
-11.882249196370445,-11.695711517333983,-0.13063831788812094,0.21010253441218665,attentive
-5.476022720336914,-5.444035339355466,-0.17563030857935888,0.07361057198515192,attentive
-5.150771458943687,-5.0838493347167955,-0.16239463939156845,0.23245094516541323,attentive
-4.415859349568677,-4.478224309285487,-0.2281831593044351,0.10757903391668054,attentive
-5.644307772318523,-5.667520523071289,-0.22504520378484094,0.2029687016734632,attentive
-6.647796376546218,-6.776642354329425,-0.196847819385731,0.14801000883523643,attentive
-4.480578613281253,-4.557679748535158,-0.17522236081139503,0.17011631436878097,attentive
-4.7065128326416,-4.923390833536779,-0.2664388330524394,0.07351381599899075,attentive
-6.622593688964841,-6.754460652669266,-0.19727892525432786,0.14929793140676836,attentive
-6.374954986572263,-6.675403086344403,-0.2406379872193708,0.09235088395116116,attentive
-5.503284072875978,-5.54658393859863,-0.09994670987986051,0.10046331274067567,attentive
-5.083166122436523,-4.552905273437503,-0.0022689273760324222,0.37572212770340646,attentive
-6.640627543131515,-6.787346140543626,-0.1964622613682997,0.1479934286738018,attentive
-5.552397282918296,-5.783321825663251,-0.31621357773302067,0.1525844181007985,attentive
-4.199603207906087,-4.255116208394366,-0.1883887511965248,0.2087805831846474,attentive
-4.464677302042642,-4.6105897267659515,-0.11985312436961718,0.1096200424054835,attentive
-5.799757448832196,-5.785234514872233,-0.23850057230308036,0.223284523707907,attentive
-3.631111017862956,-3.7531892140706375,-0.1718538101391576,0.13015080125875259,attentive
-5.431891504923499,-5.603679466247559,-0.33523132889423085,0.14626315382951763,attentive
-5.750817362467451,-5.8230133056640625,-0.11188393418361162,0.1232731059008409,attentive
-5.720804468790689,-5.901714324951172,-0.28313259884539593,0.1796698363744841,attentive
-5.362117513020834,-5.50248908996582,-0.19595798491980748,0.1550517907607639,attentive
-6.412535095214842,-6.646064758300781,-0.1978509722268174,0.12544410580790788,attentive
-6.63287404378255,-6.767016347249346,-0.19759721661769586,0.14813800487486667,attentive
-5.836478741963706,-6.000924173990885,-0.2837271242907015,0.18150743126055627,attentive
-4.651717376708987,-4.904242451985681,-0.2671077411281792,0.07743709601992632,attentive
-4.397674814860029,-4.5872848510742195,-0.24595167130511777,0.15999616500015995,attentive
-5.161905288696289,-5.49524631500244,-0.3732628722068615,0.07875575599131406,attentive
-5.990334574381514,-5.858037058512373,-0.0665369988146222,0.21577698651377675,attentive
-5.9465214411417655,-5.489038594563805,-0.1640346909833129,0.30559599822162786,attentive
-5.595291328430175,-5.442330869038898,-0.18510995631100927,0.2262913436706566,attentive
-4.238985315958658,-4.1262594858805315,-0.11516303382269656,0.16880924433221323,attentive
-4.491005961100264,-4.577316029866537,-0.2294633329323867,0.11427359083861996,attentive
-16.444499460856118,-17.25696716308594,-0.1112710229756688,0.01483322124757068,attentive
-4.391799799601234,-4.6478211720784515,-0.1980980258917693,0.0887613593915813,attentive
-4.790656534830731,-4.971427536010744,-0.2514748522441335,0.06587069469731857,attentive
-5.615250078837079,-5.527312342325846,-0.22422650651268144,0.2005637903570745,attentive
-5.759791374206543,-5.5483525594075545,-0.21284171538628063,0.2739387202567957,attentive
-4.566365051269528,-4.249862925211588,-0.05774305521244785,0.24968720134008415,attentive
-5.878759765624999,-5.8820906956990555,-0.23624889651001857,0.21349560308407098,attentive
-6.015970993041989,-6.1130641937255845,-0.22814265548257565,0.15758306628691482,attentive
-5.701709620157878,-5.549864832560221,-0.2180289111814522,0.25816551574909646,attentive
-6.418165842692062,-6.6657183329264384,-0.20110627626021157,0.12558188778765128,attentive
-5.4967463811238595,-5.551322873433431,-0.20822744525008693,0.19774734522456308,attentive
-6.27622833251953,-5.8456194559733134,-0.005356983056659303,0.27303862698762493,attentive
-5.057671483357751,-5.200830968221034,-0.1931705855073904,0.19421626019736446,attentive
-6.1218884785970005,-6.351351165771483,-0.19962324019798483,0.09622088627649278,attentive
-5.756959660847983,-5.936636606852215,-0.2875428077304128,0.18303766782203007,attentive
-11.60686912536621,-11.382177988688149,-0.12963247961557606,0.22256785991459255,attentive
-5.463612747192386,-5.559586588541663,-0.09406752622743063,0.11251114645848567,attentive
-5.976402537027997,-5.537646357218421,-0.1543641477046732,0.34663168933357236,attentive
-4.48538029988606,-4.149517059326172,-0.02431166139532204,0.25210522885352815,attentive
-4.634240341186523,-4.835624821980797,-0.29022999139181516,0.140026276101395,attentive
-5.657423400878905,-5.615140533447267,-0.0951836079784176,0.16475546016347503,attentive
-4.460748036702469,-4.52030919392903,-0.17205916319748926,0.16827207375951983,attentive
-6.634800720214841,-6.782371775309251,-0.19653873666176405,0.14786046097375766,attentive
-4.490710512797037,-4.4895594278971345,-0.11196796360412539,0.18584062602299256,attentive
-5.775089645385741,-5.416189066569011,-0.131164916993526,0.23412625844345178,attentive
-16.467952601114906,-16.97884953816732,-0.09172287729227423,0.048933344484582655,attentive
-5.463612747192386,-5.559586588541663,-0.09406752622743063,0.11251114645848567,attentive
-4.542278289794922,-4.644171142578124,-0.17021435037118965,0.07877986375013565,attentive
-4.75300070444743,-4.190972773234051,-0.047986150897620095,0.35304573509753184,attentive
-5.561874643961588,-5.576482137044273,-0.0947684720429841,0.09998535869185797,attentive
-4.873439407348634,-4.852957789103186,-0.18152157995776597,0.12799428973925714,attentive
-5.5309434254964245,-5.4314820607503265,-0.17336227228535614,0.187176423682404,attentive
-5.331783548990892,-5.326087951660156,-0.1641067894178382,0.14530728980457663,attentive
-11.174609502156578,-11.654856999715172,-0.2159878118915542,0.12154061548035018,attentive
-11.841541926066078,-11.660569000244141,-0.12816887587035464,0.20655368565585228,attentive
-11.745077514648436,-12.018806076049806,-0.1999219922049469,0.14349313520541787,attentive
-4.131470108032225,-4.490975316365564,-0.2600065526947081,0.023468933706133836,attentive
-5.124767303466797,-4.596233367919922,-0.005384044429016778,0.38078986042636664,attentive
-5.653450330098469,-5.556137530008954,-0.23709674312779772,0.1963620594215916,attentive
-6.639434814453125,-6.786372884114577,-0.19639166952687973,0.14794749100889312,attentive
-6.015342966715501,-5.8626721700032505,-0.05619861804807525,0.21476822336907045,attentive
-6.0614776611328125,-6.218358548482257,-0.33798381769385494,0.13476531098550448,attentive
-5.741779899597169,-5.535490544637046,-0.20850917932475702,0.2703357496589025,attentive
-4.497471110026048,-4.185261535644528,-0.020278793397634557,0.24379593977235833,attentive
-4.146444702148436,-4.406068929036451,-0.23608422222297057,0.08565342965965708,attentive
-4.539121500651039,-4.773843129475914,-0.2681784292935898,0.09351703018641909,attentive
-5.8290804545084605,-5.983065287272137,-0.27867818230125524,0.18429495600553927,attentive
-11.110623677571617,-11.581593449910486,-0.21684966447995502,0.12054092207037909,attentive
-4.817791239420579,-4.779941431681323,-0.18423718716362308,0.1120483341906855,attentive
-11.104638926188148,-11.58976936340332,-0.21635179030765075,0.12231990168722874,attentive
-5.788247553507482,-5.822151311238606,-0.21980934164236832,0.19018098886610021,attentive
-4.260774103800454,-4.472489611307779,-0.1670600801051561,0.09661348484730631,attentive
-5.760155232747401,-5.412738164265953,-0.1273302147793886,0.23144804403629998,attentive
-7.141499582926436,-6.837991078694657,-0.09496794929876508,0.27791273183975757,attentive
-5.125967152913404,-5.0240468343098925,-0.19839913385569538,0.13872034667283686,attentive
-5.681933848063153,-5.7355805714925125,-0.21182537146518815,0.2154808596847578,attentive
-7.167494455973312,-6.858350626627612,-0.07562915545214022,0.2770574371940992,attentive
-4.511383310953775,-4.518496195475258,-0.11217278319271223,0.18519189377545697,attentive
-6.210851796468091,-6.784068044026689,-0.29433982406615483,0.03996492948325416,attentive
-5.704625701904298,-5.491387430826823,-0.20917775944908618,0.27096365296516767,attentive
